-3,23,L0t8bfICYO3D/cua5gzYDKUPV8g=,eWSQ+ugsN2b2S1J4z1zV/EIKg9A=
-4,23,L0t8bfICYO3D/cua5gzYDKUPV8g=,eWSQ+ugsN2b2S1J4z1zV/EIKg9A=
-9,17,L0t8bfICYO3D/cua5gzYDKUPV8g=,aJNFI6Q0snC6NqMhnsGS5ATKyRQ=
-2,23,L0t8bfICYO3D/cua5gzYDKUPV8g=,eWSQ+ugsN2b2S1J4z1zV/EIKg9A=
-8,17,L0t8bfICYO3D/cua5gzYDKUPV8g=,eWSQ+ugsN2b2S1J4z1zV/EIKg9A=
-9,22,L0t8bfICYO3D/cua5gzYDKUPV8g=,aJNFI6Q0snC6NqMhnsGS5ATKyRQ=
-7,17,L0t8bfICYO3D/cua5gzYDKUPV8g=,eWSQ+ugsN2b2S1J4z1zV/EIKg9A=
-6,17,L0t8bfICYO3D/cua5gzYDKUPV8g=,eWSQ+ugsN2b2S1J4z1zV/EIKg9A=
-5,17,L0t8bfICYO3D/cua5gzYDKUPV8g=,eWSQ+ugsN2b2S1J4z1zV/EIKg9A=
-3,17,L0t8bfICYO3D/cua5gzYDKUPV8g=,eWSQ+ugsN2b2S1J4z1zV/EIKg9A=
-4,17,L0t8bfICYO3D/cua5gzYDKUPV8g=,eWSQ+ugsN2b2S1J4z1zV/EIKg9A=
-2,17,L0t8bfICYO3D/cua5gzYDKUPV8g=,eWSQ+ugsN2b2S1J4z1zV/EIKg9A=
-7,18,L0t8bfICYO3D/cua5gzYDKUPV8g=,eWSQ+ugsN2b2S1J4z1zV/EIKg9A=
-8,18,L0t8bfICYO3D/cua5gzYDKUPV8g=,eWSQ+ugsN2b2S1J4z1zV/EIKg9A=
-6,18,L0t8bfICYO3D/cua5gzYDKUPV8g=,eWSQ+ugsN2b2S1J4z1zV/EIKg9A=
-9,23,L0t8bfICYO3D/cua5gzYDKUPV8g=,aJNFI6Q0snC6NqMhnsGS5ATKyRQ=
-5,18,L0t8bfICYO3D/cua5gzYDKUPV8g=,eWSQ+ugsN2b2S1J4z1zV/EIKg9A=
-3,18,L0t8bfICYO3D/cua5gzYDKUPV8g=,eWSQ+ugsN2b2S1J4z1zV/EIKg9A=
-4,18,L0t8bfICYO3D/cua5gzYDKUPV8g=,eWSQ+ugsN2b2S1J4z1zV/EIKg9A=
-8,19,L0t8bfICYO3D/cua5gzYDKUPV8g=,eWSQ+ugsN2b2S1J4z1zV/EIKg9A=
-8,24,L0t8bfICYO3D/cua5gzYDKUPV8g=,Q6abCLcVSt9O/iZ/a5ApDz4XUPI=
-7,19,L0t8bfICYO3D/cua5gzYDKUPV8g=,eWSQ+ugsN2b2S1J4z1zV/EIKg9A=
-7,24,L0t8bfICYO3D/cua5gzYDKUPV8g=,Q6abCLcVSt9O/iZ/a5ApDz4XUPI=
-2,18,L0t8bfICYO3D/cua5gzYDKUPV8g=,eWSQ+ugsN2b2S1J4z1zV/EIKg9A=
-6,24,L0t8bfICYO3D/cua5gzYDKUPV8g=,Q6abCLcVSt9O/iZ/a5ApDz4XUPI=
-4,24,L0t8bfICYO3D/cua5gzYDKUPV8g=,Q6abCLcVSt9O/iZ/a5ApDz4XUPI=
-5,24,L0t8bfICYO3D/cua5gzYDKUPV8g=,Q6abCLcVSt9O/iZ/a5ApDz4XUPI=
-2,24,L0t8bfICYO3D/cua5gzYDKUPV8g=,Q6abCLcVSt9O/iZ/a5ApDz4XUPI=
-6,19,L0t8bfICYO3D/cua5gzYDKUPV8g=,eWSQ+ugsN2b2S1J4z1zV/EIKg9A=
-9,24,L0t8bfICYO3D/cua5gzYDKUPV8g=,9xPr+WCOR9/nLloarkhSae5ObRo=
-3,24,L0t8bfICYO3D/cua5gzYDKUPV8g=,Q6abCLcVSt9O/iZ/a5ApDz4XUPI=
-5,19,L0t8bfICYO3D/cua5gzYDKUPV8g=,eWSQ+ugsN2b2S1J4z1zV/EIKg9A=
-4,19,L0t8bfICYO3D/cua5gzYDKUPV8g=,eWSQ+ugsN2b2S1J4z1zV/EIKg9A=
-3,19,L0t8bfICYO3D/cua5gzYDKUPV8g=,eWSQ+ugsN2b2S1J4z1zV/EIKg9A=
-2,19,L0t8bfICYO3D/cua5gzYDKUPV8g=,eWSQ+ugsN2b2S1J4z1zV/EIKg9A=
-8,20,L0t8bfICYO3D/cua5gzYDKUPV8g=,eWSQ+ugsN2b2S1J4z1zV/EIKg9A=
-6,20,L0t8bfICYO3D/cua5gzYDKUPV8g=,eWSQ+ugsN2b2S1J4z1zV/EIKg9A=
-7,20,L0t8bfICYO3D/cua5gzYDKUPV8g=,eWSQ+ugsN2b2S1J4z1zV/EIKg9A=
-4,20,L0t8bfICYO3D/cua5gzYDKUPV8g=,eWSQ+ugsN2b2S1J4z1zV/EIKg9A=
-3,20,L0t8bfICYO3D/cua5gzYDKUPV8g=,eWSQ+ugsN2b2S1J4z1zV/EIKg9A=
-2,20,L0t8bfICYO3D/cua5gzYDKUPV8g=,eWSQ+ugsN2b2S1J4z1zV/EIKg9A=
-5,20,L0t8bfICYO3D/cua5gzYDKUPV8g=,eWSQ+ugsN2b2S1J4z1zV/EIKg9A=
-8,21,L0t8bfICYO3D/cua5gzYDKUPV8g=,eWSQ+ugsN2b2S1J4z1zV/EIKg9A=
-6,21,L0t8bfICYO3D/cua5gzYDKUPV8g=,eWSQ+ugsN2b2S1J4z1zV/EIKg9A=
-5,21,L0t8bfICYO3D/cua5gzYDKUPV8g=,eWSQ+ugsN2b2S1J4z1zV/EIKg9A=
-4,21,L0t8bfICYO3D/cua5gzYDKUPV8g=,eWSQ+ugsN2b2S1J4z1zV/EIKg9A=
-7,21,L0t8bfICYO3D/cua5gzYDKUPV8g=,eWSQ+ugsN2b2S1J4z1zV/EIKg9A=
-2,21,L0t8bfICYO3D/cua5gzYDKUPV8g=,eWSQ+ugsN2b2S1J4z1zV/EIKg9A=
-3,21,L0t8bfICYO3D/cua5gzYDKUPV8g=,eWSQ+ugsN2b2S1J4z1zV/EIKg9A=
-8,22,L0t8bfICYO3D/cua5gzYDKUPV8g=,eWSQ+ugsN2b2S1J4z1zV/EIKg9A=
-7,22,L0t8bfICYO3D/cua5gzYDKUPV8g=,eWSQ+ugsN2b2S1J4z1zV/EIKg9A=
-6,22,L0t8bfICYO3D/cua5gzYDKUPV8g=,eWSQ+ugsN2b2S1J4z1zV/EIKg9A=
-4,22,L0t8bfICYO3D/cua5gzYDKUPV8g=,eWSQ+ugsN2b2S1J4z1zV/EIKg9A=
-5,22,L0t8bfICYO3D/cua5gzYDKUPV8g=,eWSQ+ugsN2b2S1J4z1zV/EIKg9A=
-3,22,L0t8bfICYO3D/cua5gzYDKUPV8g=,eWSQ+ugsN2b2S1J4z1zV/EIKg9A=
-9,20,L0t8bfICYO3D/cua5gzYDKUPV8g=,aJNFI6Q0snC6NqMhnsGS5ATKyRQ=
-9,21,L0t8bfICYO3D/cua5gzYDKUPV8g=,aJNFI6Q0snC6NqMhnsGS5ATKyRQ=
-2,22,L0t8bfICYO3D/cua5gzYDKUPV8g=,eWSQ+ugsN2b2S1J4z1zV/EIKg9A=
-8,23,L0t8bfICYO3D/cua5gzYDKUPV8g=,eWSQ+ugsN2b2S1J4z1zV/EIKg9A=
-9,19,L0t8bfICYO3D/cua5gzYDKUPV8g=,aJNFI6Q0snC6NqMhnsGS5ATKyRQ=
-7,23,L0t8bfICYO3D/cua5gzYDKUPV8g=,eWSQ+ugsN2b2S1J4z1zV/EIKg9A=
-9,18,L0t8bfICYO3D/cua5gzYDKUPV8g=,aJNFI6Q0snC6NqMhnsGS5ATKyRQ=
-5,23,L0t8bfICYO3D/cua5gzYDKUPV8g=,eWSQ+ugsN2b2S1J4z1zV/EIKg9A=
-6,23,L0t8bfICYO3D/cua5gzYDKUPV8g=,eWSQ+ugsN2b2S1J4z1zV/EIKg9A=
-1,23,L0t8bfICYO3D/cua5gzYDKUPV8g=,eWSQ+ugsN2b2S1J4z1zV/EIKg9A=
-1,17,L0t8bfICYO3D/cua5gzYDKUPV8g=,eWSQ+ugsN2b2S1J4z1zV/EIKg9A=
-1,18,L0t8bfICYO3D/cua5gzYDKUPV8g=,eWSQ+ugsN2b2S1J4z1zV/EIKg9A=
-1,19,L0t8bfICYO3D/cua5gzYDKUPV8g=,eWSQ+ugsN2b2S1J4z1zV/EIKg9A=
-1,24,L0t8bfICYO3D/cua5gzYDKUPV8g=,Q6abCLcVSt9O/iZ/a5ApDz4XUPI=
-1,20,L0t8bfICYO3D/cua5gzYDKUPV8g=,eWSQ+ugsN2b2S1J4z1zV/EIKg9A=
-1,21,L0t8bfICYO3D/cua5gzYDKUPV8g=,eWSQ+ugsN2b2S1J4z1zV/EIKg9A=
-1,22,L0t8bfICYO3D/cua5gzYDKUPV8g=,eWSQ+ugsN2b2S1J4z1zV/EIKg9A=
-7,16,L0t8bfICYO3D/cua5gzYDKUPV8g=,eWSQ+ugsN2b2S1J4z1zV/EIKg9A=
-1,16,L0t8bfICYO3D/cua5gzYDKUPV8g=,eWSQ+ugsN2b2S1J4z1zV/EIKg9A=
-6,16,L0t8bfICYO3D/cua5gzYDKUPV8g=,eWSQ+ugsN2b2S1J4z1zV/EIKg9A=
-5,16,L0t8bfICYO3D/cua5gzYDKUPV8g=,eWSQ+ugsN2b2S1J4z1zV/EIKg9A=
-4,16,L0t8bfICYO3D/cua5gzYDKUPV8g=,eWSQ+ugsN2b2S1J4z1zV/EIKg9A=
-2,16,L0t8bfICYO3D/cua5gzYDKUPV8g=,eWSQ+ugsN2b2S1J4z1zV/EIKg9A=
-16,16,L0t8bfICYO3D/cua5gzYDKUPV8g=,aJNFI6Q0snC6NqMhnsGS5ATKyRQ=
-3,16,L0t8bfICYO3D/cua5gzYDKUPV8g=,eWSQ+ugsN2b2S1J4z1zV/EIKg9A=
-12,16,L0t8bfICYO3D/cua5gzYDKUPV8g=,aJNFI6Q0snC6NqMhnsGS5ATKyRQ=
-11,16,L0t8bfICYO3D/cua5gzYDKUPV8g=,aJNFI6Q0snC6NqMhnsGS5ATKyRQ=
-14,16,L0t8bfICYO3D/cua5gzYDKUPV8g=,aJNFI6Q0snC6NqMhnsGS5ATKyRQ=
-15,16,L0t8bfICYO3D/cua5gzYDKUPV8g=,aJNFI6Q0snC6NqMhnsGS5ATKyRQ=
-10,16,L0t8bfICYO3D/cua5gzYDKUPV8g=,aJNFI6Q0snC6NqMhnsGS5ATKyRQ=
-13,16,L0t8bfICYO3D/cua5gzYDKUPV8g=,aJNFI6Q0snC6NqMhnsGS5ATKyRQ=
-9,16,L0t8bfICYO3D/cua5gzYDKUPV8g=,aJNFI6Q0snC6NqMhnsGS5ATKyRQ=
-8,16,L0t8bfICYO3D/cua5gzYDKUPV8g=,eWSQ+ugsN2b2S1J4z1zV/EIKg9A=
-15,14,cY3/NwdtT2ul7MOiF9JKWpyCEvA=,6zaohQMGADhSP0pR0CEVm8XPgag=
-14,14,cY3/NwdtT2ul7MOiF9JKWpyCEvA=,6zaohQMGADhSP0pR0CEVm8XPgag=
-10,13,cY3/NwdtT2ul7MOiF9JKWpyCEvA=,6zaohQMGADhSP0pR0CEVm8XPgag=
-11,13,cY3/NwdtT2ul7MOiF9JKWpyCEvA=,6zaohQMGADhSP0pR0CEVm8XPgag=
-12,13,cY3/NwdtT2ul7MOiF9JKWpyCEvA=,6zaohQMGADhSP0pR0CEVm8XPgag=
-13,13,cY3/NwdtT2ul7MOiF9JKWpyCEvA=,6zaohQMGADhSP0pR0CEVm8XPgag=
-14,13,cY3/NwdtT2ul7MOiF9JKWpyCEvA=,6zaohQMGADhSP0pR0CEVm8XPgag=
-15,13,cY3/NwdtT2ul7MOiF9JKWpyCEvA=,6zaohQMGADhSP0pR0CEVm8XPgag=
-10,12,cY3/NwdtT2ul7MOiF9JKWpyCEvA=,6zaohQMGADhSP0pR0CEVm8XPgag=
-11,12,cY3/NwdtT2ul7MOiF9JKWpyCEvA=,6zaohQMGADhSP0pR0CEVm8XPgag=
-12,12,cY3/NwdtT2ul7MOiF9JKWpyCEvA=,6zaohQMGADhSP0pR0CEVm8XPgag=
-13,12,cY3/NwdtT2ul7MOiF9JKWpyCEvA=,6zaohQMGADhSP0pR0CEVm8XPgag=
-14,12,cY3/NwdtT2ul7MOiF9JKWpyCEvA=,6zaohQMGADhSP0pR0CEVm8XPgag=
-15,12,cY3/NwdtT2ul7MOiF9JKWpyCEvA=,6zaohQMGADhSP0pR0CEVm8XPgag=
-10,11,cY3/NwdtT2ul7MOiF9JKWpyCEvA=,6zaohQMGADhSP0pR0CEVm8XPgag=
-11,11,cY3/NwdtT2ul7MOiF9JKWpyCEvA=,6zaohQMGADhSP0pR0CEVm8XPgag=
-12,11,cY3/NwdtT2ul7MOiF9JKWpyCEvA=,6zaohQMGADhSP0pR0CEVm8XPgag=
-13,11,cY3/NwdtT2ul7MOiF9JKWpyCEvA=,6zaohQMGADhSP0pR0CEVm8XPgag=
-14,11,cY3/NwdtT2ul7MOiF9JKWpyCEvA=,6zaohQMGADhSP0pR0CEVm8XPgag=
-15,11,cY3/NwdtT2ul7MOiF9JKWpyCEvA=,6zaohQMGADhSP0pR0CEVm8XPgag=
-15,10,cY3/NwdtT2ul7MOiF9JKWpyCEvA=,6zaohQMGADhSP0pR0CEVm8XPgag=
-15,9,cY3/NwdtT2ul7MOiF9JKWpyCEvA=,6zaohQMGADhSP0pR0CEVm8XPgag=
-10,14,cY3/NwdtT2ul7MOiF9JKWpyCEvA=,6zaohQMGADhSP0pR0CEVm8XPgag=
-11,14,cY3/NwdtT2ul7MOiF9JKWpyCEvA=,6zaohQMGADhSP0pR0CEVm8XPgag=
-12,14,cY3/NwdtT2ul7MOiF9JKWpyCEvA=,6zaohQMGADhSP0pR0CEVm8XPgag=
-13,14,cY3/NwdtT2ul7MOiF9JKWpyCEvA=,6zaohQMGADhSP0pR0CEVm8XPgag=
-9,14,cY3/NwdtT2ul7MOiF9JKWpyCEvA=,6zaohQMGADhSP0pR0CEVm8XPgag=
-2,14,cY3/NwdtT2ul7MOiF9JKWpyCEvA=,YtH4dBGJeGivHPakv6oOK3G76dM=
-3,14,cY3/NwdtT2ul7MOiF9JKWpyCEvA=,YtH4dBGJeGivHPakv6oOK3G76dM=
-4,14,cY3/NwdtT2ul7MOiF9JKWpyCEvA=,YtH4dBGJeGivHPakv6oOK3G76dM=
-5,14,cY3/NwdtT2ul7MOiF9JKWpyCEvA=,YtH4dBGJeGivHPakv6oOK3G76dM=
-6,14,cY3/NwdtT2ul7MOiF9JKWpyCEvA=,YtH4dBGJeGivHPakv6oOK3G76dM=
-7,14,cY3/NwdtT2ul7MOiF9JKWpyCEvA=,YtH4dBGJeGivHPakv6oOK3G76dM=
-8,14,cY3/NwdtT2ul7MOiF9JKWpyCEvA=,YtH4dBGJeGivHPakv6oOK3G76dM=
-1,14,cY3/NwdtT2ul7MOiF9JKWpyCEvA=,YtH4dBGJeGivHPakv6oOK3G76dM=
-15,8,cY3/NwdtT2ul7MOiF9JKWpyCEvA=,6zaohQMGADhSP0pR0CEVm8XPgag=
-15,7,cY3/NwdtT2ul7MOiF9JKWpyCEvA=,WduSRwZpkORBG2RUo44i2MHP/Hg=
-8,8,HNolTd0abVkYgOru6KHHy2mBC4c=,YtH4dBGJeGivHPakv6oOK3G76dM=
-12,5,So8ajFSFlspWCsLA2ZL910abLCc=,WduSRwZpkORBG2RUo44i2MHP/Hg=
-6,10,So8ajFSFlspWCsLA2ZL910abLCc=,YtH4dBGJeGivHPakv6oOK3G76dM=
-5,10,So8ajFSFlspWCsLA2ZL910abLCc=,YtH4dBGJeGivHPakv6oOK3G76dM=
-8,4,PYrKmNQmzRlfGxVTkCPx9XnEepw=,fzDcrHh7YFqGScHE3Z27naeoI5Q=
-7,10,PYrKmNQmzRlfGxVTkCPx9XnEepw=,YtH4dBGJeGivHPakv6oOK3G76dM=
-9,8,PYrKmNQmzRlfGxVTkCPx9XnEepw=,6zaohQMGADhSP0pR0CEVm8XPgag=
-10,10,PYrKmNQmzRlfGxVTkCPx9XnEepw=,6zaohQMGADhSP0pR0CEVm8XPgag=
-11,10,PYrKmNQmzRlfGxVTkCPx9XnEepw=,6zaohQMGADhSP0pR0CEVm8XPgag=
-10,9,4seiHAATWV8HCFx0FwoJOQ7CynQ=,6zaohQMGADhSP0pR0CEVm8XPgag=
-11,9,4seiHAATWV8HCFx0FwoJOQ7CynQ=,6zaohQMGADhSP0pR0CEVm8XPgag=
-8,5,4seiHAATWV8HCFx0FwoJOQ7CynQ=,fzDcrHh7YFqGScHE3Z27naeoI5Q=
-10,8,4seiHAATWV8HCFx0FwoJOQ7CynQ=,6zaohQMGADhSP0pR0CEVm8XPgag=
-12,10,34GSg9/uPaHcoL4kI5W8Ql40QcI=,6zaohQMGADhSP0pR0CEVm8XPgag=
-11,8,34GSg9/uPaHcoL4kI5W8Ql40QcI=,6zaohQMGADhSP0pR0CEVm8XPgag=
-7,15,34GSg9/uPaHcoL4kI5W8Ql40QcI=,YtH4dBGJeGivHPakv6oOK3G76dM=
-6,15,34GSg9/uPaHcoL4kI5W8Ql40QcI=,YtH4dBGJeGivHPakv6oOK3G76dM=
-5,15,34GSg9/uPaHcoL4kI5W8Ql40QcI=,YtH4dBGJeGivHPakv6oOK3G76dM=
-4,15,34GSg9/uPaHcoL4kI5W8Ql40QcI=,YtH4dBGJeGivHPakv6oOK3G76dM=
-3,15,34GSg9/uPaHcoL4kI5W8Ql40QcI=,YtH4dBGJeGivHPakv6oOK3G76dM=
-15,15,34GSg9/uPaHcoL4kI5W8Ql40QcI=,6zaohQMGADhSP0pR0CEVm8XPgag=
-2,15,34GSg9/uPaHcoL4kI5W8Ql40QcI=,YtH4dBGJeGivHPakv6oOK3G76dM=
-14,15,34GSg9/uPaHcoL4kI5W8Ql40QcI=,6zaohQMGADhSP0pR0CEVm8XPgag=
-13,15,34GSg9/uPaHcoL4kI5W8Ql40QcI=,6zaohQMGADhSP0pR0CEVm8XPgag=
-11,15,34GSg9/uPaHcoL4kI5W8Ql40QcI=,6zaohQMGADhSP0pR0CEVm8XPgag=
-12,15,34GSg9/uPaHcoL4kI5W8Ql40QcI=,6zaohQMGADhSP0pR0CEVm8XPgag=
-10,15,34GSg9/uPaHcoL4kI5W8Ql40QcI=,6zaohQMGADhSP0pR0CEVm8XPgag=
-9,15,34GSg9/uPaHcoL4kI5W8Ql40QcI=,6zaohQMGADhSP0pR0CEVm8XPgag=
-8,6,34GSg9/uPaHcoL4kI5W8Ql40QcI=,fzDcrHh7YFqGScHE3Z27naeoI5Q=
-1,8,34GSg9/uPaHcoL4kI5W8Ql40QcI=,YtH4dBGJeGivHPakv6oOK3G76dM=
-8,12,34GSg9/uPaHcoL4kI5W8Ql40QcI=,YtH4dBGJeGivHPakv6oOK3G76dM=
-1,15,34GSg9/uPaHcoL4kI5W8Ql40QcI=,YtH4dBGJeGivHPakv6oOK3G76dM=
-16,8,34GSg9/uPaHcoL4kI5W8Ql40QcI=,6zaohQMGADhSP0pR0CEVm8XPgag=
-16,14,34GSg9/uPaHcoL4kI5W8Ql40QcI=,6zaohQMGADhSP0pR0CEVm8XPgag=
-16,9,34GSg9/uPaHcoL4kI5W8Ql40QcI=,6zaohQMGADhSP0pR0CEVm8XPgag=
-16,10,34GSg9/uPaHcoL4kI5W8Ql40QcI=,6zaohQMGADhSP0pR0CEVm8XPgag=
-16,11,34GSg9/uPaHcoL4kI5W8Ql40QcI=,6zaohQMGADhSP0pR0CEVm8XPgag=
-9,11,34GSg9/uPaHcoL4kI5W8Ql40QcI=,6zaohQMGADhSP0pR0CEVm8XPgag=
-8,15,34GSg9/uPaHcoL4kI5W8Ql40QcI=,YtH4dBGJeGivHPakv6oOK3G76dM=
-16,15,34GSg9/uPaHcoL4kI5W8Ql40QcI=,6zaohQMGADhSP0pR0CEVm8XPgag=
-7,12,34GSg9/uPaHcoL4kI5W8Ql40QcI=,YtH4dBGJeGivHPakv6oOK3G76dM=
-1,10,34GSg9/uPaHcoL4kI5W8Ql40QcI=,YtH4dBGJeGivHPakv6oOK3G76dM=
-8,10,34GSg9/uPaHcoL4kI5W8Ql40QcI=,YtH4dBGJeGivHPakv6oOK3G76dM=
-12,8,34GSg9/uPaHcoL4kI5W8Ql40QcI=,6zaohQMGADhSP0pR0CEVm8XPgag=
-16,6,34GSg9/uPaHcoL4kI5W8Ql40QcI=,WduSRwZpkORBG2RUo44i2MHP/Hg=
-7,4,34GSg9/uPaHcoL4kI5W8Ql40QcI=,fzDcrHh7YFqGScHE3Z27naeoI5Q=
-12,7,34GSg9/uPaHcoL4kI5W8Ql40QcI=,WduSRwZpkORBG2RUo44i2MHP/Hg=
-12,9,34GSg9/uPaHcoL4kI5W8Ql40QcI=,6zaohQMGADhSP0pR0CEVm8XPgag=
-9,9,34GSg9/uPaHcoL4kI5W8Ql40QcI=,6zaohQMGADhSP0pR0CEVm8XPgag=
-6,5,34GSg9/uPaHcoL4kI5W8Ql40QcI=,fzDcrHh7YFqGScHE3Z27naeoI5Q=
-10,6,34GSg9/uPaHcoL4kI5W8Ql40QcI=,WduSRwZpkORBG2RUo44i2MHP/Hg=
-8,7,34GSg9/uPaHcoL4kI5W8Ql40QcI=,fzDcrHh7YFqGScHE3Z27naeoI5Q=
-1,13,34GSg9/uPaHcoL4kI5W8Ql40QcI=,YtH4dBGJeGivHPakv6oOK3G76dM=
-7,6,34GSg9/uPaHcoL4kI5W8Ql40QcI=,fzDcrHh7YFqGScHE3Z27naeoI5Q=
-5,5,34GSg9/uPaHcoL4kI5W8Ql40QcI=,fzDcrHh7YFqGScHE3Z27naeoI5Q=
-5,4,34GSg9/uPaHcoL4kI5W8Ql40QcI=,fzDcrHh7YFqGScHE3Z27naeoI5Q=
-6,6,34GSg9/uPaHcoL4kI5W8Ql40QcI=,fzDcrHh7YFqGScHE3Z27naeoI5Q=
-14,0,34GSg9/uPaHcoL4kI5W8Ql40QcI=,WduSRwZpkORBG2RUo44i2MHP/Hg=
-6,9,34GSg9/uPaHcoL4kI5W8Ql40QcI=,YtH4dBGJeGivHPakv6oOK3G76dM=
-16,13,34GSg9/uPaHcoL4kI5W8Ql40QcI=,6zaohQMGADhSP0pR0CEVm8XPgag=
-11,7,34GSg9/uPaHcoL4kI5W8Ql40QcI=,WduSRwZpkORBG2RUo44i2MHP/Hg=
-2,13,34GSg9/uPaHcoL4kI5W8Ql40QcI=,YtH4dBGJeGivHPakv6oOK3G76dM=
-1,12,34GSg9/uPaHcoL4kI5W8Ql40QcI=,YtH4dBGJeGivHPakv6oOK3G76dM=
-9,10,34GSg9/uPaHcoL4kI5W8Ql40QcI=,6zaohQMGADhSP0pR0CEVm8XPgag=
-6,12,34GSg9/uPaHcoL4kI5W8Ql40QcI=,YtH4dBGJeGivHPakv6oOK3G76dM=
-16,7,34GSg9/uPaHcoL4kI5W8Ql40QcI=,WduSRwZpkORBG2RUo44i2MHP/Hg=
-6,4,34GSg9/uPaHcoL4kI5W8Ql40QcI=,fzDcrHh7YFqGScHE3Z27naeoI5Q=
-10,7,34GSg9/uPaHcoL4kI5W8Ql40QcI=,WduSRwZpkORBG2RUo44i2MHP/Hg=
-7,7,34GSg9/uPaHcoL4kI5W8Ql40QcI=,fzDcrHh7YFqGScHE3Z27naeoI5Q=
-1,9,34GSg9/uPaHcoL4kI5W8Ql40QcI=,YtH4dBGJeGivHPakv6oOK3G76dM=
-16,4,34GSg9/uPaHcoL4kI5W8Ql40QcI=,WduSRwZpkORBG2RUo44i2MHP/Hg=
-16,12,34GSg9/uPaHcoL4kI5W8Ql40QcI=,6zaohQMGADhSP0pR0CEVm8XPgag=
-5,9,34GSg9/uPaHcoL4kI5W8Ql40QcI=,YtH4dBGJeGivHPakv6oOK3G76dM=
-2,1,34GSg9/uPaHcoL4kI5W8Ql40QcI=,fzDcrHh7YFqGScHE3Z27naeoI5Q=
-8,0,34GSg9/uPaHcoL4kI5W8Ql40QcI=,fzDcrHh7YFqGScHE3Z27naeoI5Q=
-7,5,34GSg9/uPaHcoL4kI5W8Ql40QcI=,fzDcrHh7YFqGScHE3Z27naeoI5Q=
-3,1,34GSg9/uPaHcoL4kI5W8Ql40QcI=,fzDcrHh7YFqGScHE3Z27naeoI5Q=
-9,7,34GSg9/uPaHcoL4kI5W8Ql40QcI=,WduSRwZpkORBG2RUo44i2MHP/Hg=
-4,13,34GSg9/uPaHcoL4kI5W8Ql40QcI=,YtH4dBGJeGivHPakv6oOK3G76dM=
-5,6,34GSg9/uPaHcoL4kI5W8Ql40QcI=,fzDcrHh7YFqGScHE3Z27naeoI5Q=
-1,6,34GSg9/uPaHcoL4kI5W8Ql40QcI=,fzDcrHh7YFqGScHE3Z27naeoI5Q=
-5,7,34GSg9/uPaHcoL4kI5W8Ql40QcI=,fzDcrHh7YFqGScHE3Z27naeoI5Q=
-7,9,34GSg9/uPaHcoL4kI5W8Ql40QcI=,YtH4dBGJeGivHPakv6oOK3G76dM=
-3,13,34GSg9/uPaHcoL4kI5W8Ql40QcI=,YtH4dBGJeGivHPakv6oOK3G76dM=
-5,12,34GSg9/uPaHcoL4kI5W8Ql40QcI=,YtH4dBGJeGivHPakv6oOK3G76dM=
-14,4,34GSg9/uPaHcoL4kI5W8Ql40QcI=,WduSRwZpkORBG2RUo44i2MHP/Hg=
-11,6,34GSg9/uPaHcoL4kI5W8Ql40QcI=,WduSRwZpkORBG2RUo44i2MHP/Hg=
-2,12,34GSg9/uPaHcoL4kI5W8Ql40QcI=,YtH4dBGJeGivHPakv6oOK3G76dM=
-9,12,34GSg9/uPaHcoL4kI5W8Ql40QcI=,6zaohQMGADhSP0pR0CEVm8XPgag=
-12,6,34GSg9/uPaHcoL4kI5W8Ql40QcI=,WduSRwZpkORBG2RUo44i2MHP/Hg=
-4,12,34GSg9/uPaHcoL4kI5W8Ql40QcI=,YtH4dBGJeGivHPakv6oOK3G76dM=
-16,0,34GSg9/uPaHcoL4kI5W8Ql40QcI=,WduSRwZpkORBG2RUo44i2MHP/Hg=
-8,13,34GSg9/uPaHcoL4kI5W8Ql40QcI=,YtH4dBGJeGivHPakv6oOK3G76dM=
-9,0,34GSg9/uPaHcoL4kI5W8Ql40QcI=,WduSRwZpkORBG2RUo44i2MHP/Hg=
-5,13,34GSg9/uPaHcoL4kI5W8Ql40QcI=,YtH4dBGJeGivHPakv6oOK3G76dM=
-8,9,34GSg9/uPaHcoL4kI5W8Ql40QcI=,YtH4dBGJeGivHPakv6oOK3G76dM=
-9,13,34GSg9/uPaHcoL4kI5W8Ql40QcI=,6zaohQMGADhSP0pR0CEVm8XPgag=
-13,8,34GSg9/uPaHcoL4kI5W8Ql40QcI=,6zaohQMGADhSP0pR0CEVm8XPgag=
-4,10,34GSg9/uPaHcoL4kI5W8Ql40QcI=,YtH4dBGJeGivHPakv6oOK3G76dM=
-2,10,34GSg9/uPaHcoL4kI5W8Ql40QcI=,YtH4dBGJeGivHPakv6oOK3G76dM=
-3,7,34GSg9/uPaHcoL4kI5W8Ql40QcI=,fzDcrHh7YFqGScHE3Z27naeoI5Q=
-6,7,34GSg9/uPaHcoL4kI5W8Ql40QcI=,fzDcrHh7YFqGScHE3Z27naeoI5Q=
-4,7,34GSg9/uPaHcoL4kI5W8Ql40QcI=,fzDcrHh7YFqGScHE3Z27naeoI5Q=
-16,5,34GSg9/uPaHcoL4kI5W8Ql40QcI=,WduSRwZpkORBG2RUo44i2MHP/Hg=
-2,9,34GSg9/uPaHcoL4kI5W8Ql40QcI=,YtH4dBGJeGivHPakv6oOK3G76dM=
-3,10,34GSg9/uPaHcoL4kI5W8Ql40QcI=,YtH4dBGJeGivHPakv6oOK3G76dM=
-4,1,34GSg9/uPaHcoL4kI5W8Ql40QcI=,fzDcrHh7YFqGScHE3Z27naeoI5Q=
-6,11,34GSg9/uPaHcoL4kI5W8Ql40QcI=,YtH4dBGJeGivHPakv6oOK3G76dM=
-1,0,34GSg9/uPaHcoL4kI5W8Ql40QcI=,fzDcrHh7YFqGScHE3Z27naeoI5Q=
-5,11,34GSg9/uPaHcoL4kI5W8Ql40QcI=,YtH4dBGJeGivHPakv6oOK3G76dM=
-1,11,34GSg9/uPaHcoL4kI5W8Ql40QcI=,YtH4dBGJeGivHPakv6oOK3G76dM=
-9,5,34GSg9/uPaHcoL4kI5W8Ql40QcI=,WduSRwZpkORBG2RUo44i2MHP/Hg=
-3,9,34GSg9/uPaHcoL4kI5W8Ql40QcI=,YtH4dBGJeGivHPakv6oOK3G76dM=
-7,0,34GSg9/uPaHcoL4kI5W8Ql40QcI=,fzDcrHh7YFqGScHE3Z27naeoI5Q=
-11,5,34GSg9/uPaHcoL4kI5W8Ql40QcI=,WduSRwZpkORBG2RUo44i2MHP/Hg=
-14,1,34GSg9/uPaHcoL4kI5W8Ql40QcI=,WduSRwZpkORBG2RUo44i2MHP/Hg=
-13,5,34GSg9/uPaHcoL4kI5W8Ql40QcI=,WduSRwZpkORBG2RUo44i2MHP/Hg=
-15,1,34GSg9/uPaHcoL4kI5W8Ql40QcI=,WduSRwZpkORBG2RUo44i2MHP/Hg=
-6,0,34GSg9/uPaHcoL4kI5W8Ql40QcI=,fzDcrHh7YFqGScHE3Z27naeoI5Q=
-12,0,34GSg9/uPaHcoL4kI5W8Ql40QcI=,WduSRwZpkORBG2RUo44i2MHP/Hg=
-16,3,34GSg9/uPaHcoL4kI5W8Ql40QcI=,WduSRwZpkORBG2RUo44i2MHP/Hg=
-16,1,34GSg9/uPaHcoL4kI5W8Ql40QcI=,WduSRwZpkORBG2RUo44i2MHP/Hg=
-1,5,34GSg9/uPaHcoL4kI5W8Ql40QcI=,fzDcrHh7YFqGScHE3Z27naeoI5Q=
-8,3,34GSg9/uPaHcoL4kI5W8Ql40QcI=,fzDcrHh7YFqGScHE3Z27naeoI5Q=
-13,2,34GSg9/uPaHcoL4kI5W8Ql40QcI=,WduSRwZpkORBG2RUo44i2MHP/Hg=
-14,2,34GSg9/uPaHcoL4kI5W8Ql40QcI=,WduSRwZpkORBG2RUo44i2MHP/Hg=
-10,5,34GSg9/uPaHcoL4kI5W8Ql40QcI=,WduSRwZpkORBG2RUo44i2MHP/Hg=
-8,2,34GSg9/uPaHcoL4kI5W8Ql40QcI=,fzDcrHh7YFqGScHE3Z27naeoI5Q=
-11,3,34GSg9/uPaHcoL4kI5W8Ql40QcI=,WduSRwZpkORBG2RUo44i2MHP/Hg=
-14,5,34GSg9/uPaHcoL4kI5W8Ql40QcI=,WduSRwZpkORBG2RUo44i2MHP/Hg=
-5,0,34GSg9/uPaHcoL4kI5W8Ql40QcI=,fzDcrHh7YFqGScHE3Z27naeoI5Q=
-16,2,34GSg9/uPaHcoL4kI5W8Ql40QcI=,WduSRwZpkORBG2RUo44i2MHP/Hg=
-12,3,34GSg9/uPaHcoL4kI5W8Ql40QcI=,WduSRwZpkORBG2RUo44i2MHP/Hg=
-2,8,34GSg9/uPaHcoL4kI5W8Ql40QcI=,YtH4dBGJeGivHPakv6oOK3G76dM=
-13,3,34GSg9/uPaHcoL4kI5W8Ql40QcI=,WduSRwZpkORBG2RUo44i2MHP/Hg=
-12,1,34GSg9/uPaHcoL4kI5W8Ql40QcI=,WduSRwZpkORBG2RUo44i2MHP/Hg=
-15,2,34GSg9/uPaHcoL4kI5W8Ql40QcI=,WduSRwZpkORBG2RUo44i2MHP/Hg=
-13,1,34GSg9/uPaHcoL4kI5W8Ql40QcI=,WduSRwZpkORBG2RUo44i2MHP/Hg=
-11,1,34GSg9/uPaHcoL4kI5W8Ql40QcI=,WduSRwZpkORBG2RUo44i2MHP/Hg=
-1,4,34GSg9/uPaHcoL4kI5W8Ql40QcI=,fzDcrHh7YFqGScHE3Z27naeoI5Q=
-9,3,34GSg9/uPaHcoL4kI5W8Ql40QcI=,WduSRwZpkORBG2RUo44i2MHP/Hg=
-9,6,34GSg9/uPaHcoL4kI5W8Ql40QcI=,WduSRwZpkORBG2RUo44i2MHP/Hg=
-10,3,34GSg9/uPaHcoL4kI5W8Ql40QcI=,WduSRwZpkORBG2RUo44i2MHP/Hg=
-10,2,34GSg9/uPaHcoL4kI5W8Ql40QcI=,WduSRwZpkORBG2RUo44i2MHP/Hg=
-11,2,34GSg9/uPaHcoL4kI5W8Ql40QcI=,WduSRwZpkORBG2RUo44i2MHP/Hg=
-9,2,34GSg9/uPaHcoL4kI5W8Ql40QcI=,WduSRwZpkORBG2RUo44i2MHP/Hg=
-12,2,34GSg9/uPaHcoL4kI5W8Ql40QcI=,WduSRwZpkORBG2RUo44i2MHP/Hg=
-9,1,34GSg9/uPaHcoL4kI5W8Ql40QcI=,WduSRwZpkORBG2RUo44i2MHP/Hg=
-15,5,34GSg9/uPaHcoL4kI5W8Ql40QcI=,WduSRwZpkORBG2RUo44i2MHP/Hg=
-14,3,34GSg9/uPaHcoL4kI5W8Ql40QcI=,WduSRwZpkORBG2RUo44i2MHP/Hg=
-10,1,34GSg9/uPaHcoL4kI5W8Ql40QcI=,WduSRwZpkORBG2RUo44i2MHP/Hg=
-12,4,34GSg9/uPaHcoL4kI5W8Ql40QcI=,WduSRwZpkORBG2RUo44i2MHP/Hg=
-3,8,34GSg9/uPaHcoL4kI5W8Ql40QcI=,YtH4dBGJeGivHPakv6oOK3G76dM=
-8,1,34GSg9/uPaHcoL4kI5W8Ql40QcI=,fzDcrHh7YFqGScHE3Z27naeoI5Q=
-15,3,34GSg9/uPaHcoL4kI5W8Ql40QcI=,WduSRwZpkORBG2RUo44i2MHP/Hg=
-5,3,34GSg9/uPaHcoL4kI5W8Ql40QcI=,fzDcrHh7YFqGScHE3Z27naeoI5Q=
-1,3,34GSg9/uPaHcoL4kI5W8Ql40QcI=,fzDcrHh7YFqGScHE3Z27naeoI5Q=
-5,2,34GSg9/uPaHcoL4kI5W8Ql40QcI=,fzDcrHh7YFqGScHE3Z27naeoI5Q=
-6,3,34GSg9/uPaHcoL4kI5W8Ql40QcI=,fzDcrHh7YFqGScHE3Z27naeoI5Q=
-10,0,34GSg9/uPaHcoL4kI5W8Ql40QcI=,WduSRwZpkORBG2RUo44i2MHP/Hg=
-11,4,34GSg9/uPaHcoL4kI5W8Ql40QcI=,WduSRwZpkORBG2RUo44i2MHP/Hg=
-6,1,34GSg9/uPaHcoL4kI5W8Ql40QcI=,fzDcrHh7YFqGScHE3Z27naeoI5Q=
-15,0,34GSg9/uPaHcoL4kI5W8Ql40QcI=,WduSRwZpkORBG2RUo44i2MHP/Hg=
-14,7,34GSg9/uPaHcoL4kI5W8Ql40QcI=,WduSRwZpkORBG2RUo44i2MHP/Hg=
-7,1,34GSg9/uPaHcoL4kI5W8Ql40QcI=,fzDcrHh7YFqGScHE3Z27naeoI5Q=
-6,2,34GSg9/uPaHcoL4kI5W8Ql40QcI=,fzDcrHh7YFqGScHE3Z27naeoI5Q=
-11,0,34GSg9/uPaHcoL4kI5W8Ql40QcI=,WduSRwZpkORBG2RUo44i2MHP/Hg=
-7,3,34GSg9/uPaHcoL4kI5W8Ql40QcI=,fzDcrHh7YFqGScHE3Z27naeoI5Q=
-7,2,34GSg9/uPaHcoL4kI5W8Ql40QcI=,fzDcrHh7YFqGScHE3Z27naeoI5Q=
-5,1,34GSg9/uPaHcoL4kI5W8Ql40QcI=,fzDcrHh7YFqGScHE3Z27naeoI5Q=
-4,8,34GSg9/uPaHcoL4kI5W8Ql40QcI=,YtH4dBGJeGivHPakv6oOK3G76dM=
-1,2,34GSg9/uPaHcoL4kI5W8Ql40QcI=,fzDcrHh7YFqGScHE3Z27naeoI5Q=
-6,8,34GSg9/uPaHcoL4kI5W8Ql40QcI=,YtH4dBGJeGivHPakv6oOK3G76dM=
-3,12,34GSg9/uPaHcoL4kI5W8Ql40QcI=,YtH4dBGJeGivHPakv6oOK3G76dM=
-13,0,34GSg9/uPaHcoL4kI5W8Ql40QcI=,WduSRwZpkORBG2RUo44i2MHP/Hg=
-7,8,34GSg9/uPaHcoL4kI5W8Ql40QcI=,YtH4dBGJeGivHPakv6oOK3G76dM=
-10,4,34GSg9/uPaHcoL4kI5W8Ql40QcI=,WduSRwZpkORBG2RUo44i2MHP/Hg=
-6,13,34GSg9/uPaHcoL4kI5W8Ql40QcI=,YtH4dBGJeGivHPakv6oOK3G76dM=
-5,8,34GSg9/uPaHcoL4kI5W8Ql40QcI=,YtH4dBGJeGivHPakv6oOK3G76dM=
-7,13,34GSg9/uPaHcoL4kI5W8Ql40QcI=,YtH4dBGJeGivHPakv6oOK3G76dM=
-14,9,34GSg9/uPaHcoL4kI5W8Ql40QcI=,6zaohQMGADhSP0pR0CEVm8XPgag=
-14,8,34GSg9/uPaHcoL4kI5W8Ql40QcI=,6zaohQMGADhSP0pR0CEVm8XPgag=
-13,9,34GSg9/uPaHcoL4kI5W8Ql40QcI=,6zaohQMGADhSP0pR0CEVm8XPgag=
-8,11,34GSg9/uPaHcoL4kI5W8Ql40QcI=,YtH4dBGJeGivHPakv6oOK3G76dM=
-13,10,34GSg9/uPaHcoL4kI5W8Ql40QcI=,6zaohQMGADhSP0pR0CEVm8XPgag=
-4,11,34GSg9/uPaHcoL4kI5W8Ql40QcI=,YtH4dBGJeGivHPakv6oOK3G76dM=
-14,10,34GSg9/uPaHcoL4kI5W8Ql40QcI=,6zaohQMGADhSP0pR0CEVm8XPgag=
-13,7,34GSg9/uPaHcoL4kI5W8Ql40QcI=,WduSRwZpkORBG2RUo44i2MHP/Hg=
-7,11,34GSg9/uPaHcoL4kI5W8Ql40QcI=,YtH4dBGJeGivHPakv6oOK3G76dM=
-4,9,34GSg9/uPaHcoL4kI5W8Ql40QcI=,YtH4dBGJeGivHPakv6oOK3G76dM=
-3,2,34GSg9/uPaHcoL4kI5W8Ql40QcI=,fzDcrHh7YFqGScHE3Z27naeoI5Q=
-13,6,34GSg9/uPaHcoL4kI5W8Ql40QcI=,WduSRwZpkORBG2RUo44i2MHP/Hg=
-15,6,34GSg9/uPaHcoL4kI5W8Ql40QcI=,WduSRwZpkORBG2RUo44i2MHP/Hg=
-4,2,34GSg9/uPaHcoL4kI5W8Ql40QcI=,fzDcrHh7YFqGScHE3Z27naeoI5Q=
-1,7,34GSg9/uPaHcoL4kI5W8Ql40QcI=,fzDcrHh7YFqGScHE3Z27naeoI5Q=
-15,4,34GSg9/uPaHcoL4kI5W8Ql40QcI=,WduSRwZpkORBG2RUo44i2MHP/Hg=
-14,6,34GSg9/uPaHcoL4kI5W8Ql40QcI=,WduSRwZpkORBG2RUo44i2MHP/Hg=
-9,4,34GSg9/uPaHcoL4kI5W8Ql40QcI=,WduSRwZpkORBG2RUo44i2MHP/Hg=
-4,3,34GSg9/uPaHcoL4kI5W8Ql40QcI=,fzDcrHh7YFqGScHE3Z27naeoI5Q=
-13,4,34GSg9/uPaHcoL4kI5W8Ql40QcI=,WduSRwZpkORBG2RUo44i2MHP/Hg=
-3,4,34GSg9/uPaHcoL4kI5W8Ql40QcI=,fzDcrHh7YFqGScHE3Z27naeoI5Q=
-2,4,34GSg9/uPaHcoL4kI5W8Ql40QcI=,fzDcrHh7YFqGScHE3Z27naeoI5Q=
-3,11,34GSg9/uPaHcoL4kI5W8Ql40QcI=,YtH4dBGJeGivHPakv6oOK3G76dM=
-2,2,34GSg9/uPaHcoL4kI5W8Ql40QcI=,fzDcrHh7YFqGScHE3Z27naeoI5Q=
-3,5,34GSg9/uPaHcoL4kI5W8Ql40QcI=,fzDcrHh7YFqGScHE3Z27naeoI5Q=
-3,3,34GSg9/uPaHcoL4kI5W8Ql40QcI=,fzDcrHh7YFqGScHE3Z27naeoI5Q=
-2,11,34GSg9/uPaHcoL4kI5W8Ql40QcI=,YtH4dBGJeGivHPakv6oOK3G76dM=
-2,6,34GSg9/uPaHcoL4kI5W8Ql40QcI=,fzDcrHh7YFqGScHE3Z27naeoI5Q=
-2,7,34GSg9/uPaHcoL4kI5W8Ql40QcI=,fzDcrHh7YFqGScHE3Z27naeoI5Q=
-4,6,34GSg9/uPaHcoL4kI5W8Ql40QcI=,fzDcrHh7YFqGScHE3Z27naeoI5Q=
-1,1,34GSg9/uPaHcoL4kI5W8Ql40QcI=,fzDcrHh7YFqGScHE3Z27naeoI5Q=
-4,4,34GSg9/uPaHcoL4kI5W8Ql40QcI=,fzDcrHh7YFqGScHE3Z27naeoI5Q=
-4,5,34GSg9/uPaHcoL4kI5W8Ql40QcI=,fzDcrHh7YFqGScHE3Z27naeoI5Q=
-3,0,34GSg9/uPaHcoL4kI5W8Ql40QcI=,fzDcrHh7YFqGScHE3Z27naeoI5Q=
-4,0,34GSg9/uPaHcoL4kI5W8Ql40QcI=,fzDcrHh7YFqGScHE3Z27naeoI5Q=
-2,0,34GSg9/uPaHcoL4kI5W8Ql40QcI=,fzDcrHh7YFqGScHE3Z27naeoI5Q=
-3,6,34GSg9/uPaHcoL4kI5W8Ql40QcI=,fzDcrHh7YFqGScHE3Z27naeoI5Q=
-2,3,34GSg9/uPaHcoL4kI5W8Ql40QcI=,fzDcrHh7YFqGScHE3Z27naeoI5Q=
-2,5,34GSg9/uPaHcoL4kI5W8Ql40QcI=,fzDcrHh7YFqGScHE3Z27naeoI5Q=
-20,10,wm4FEbVXrQkMnpSCZkN5NFHVwEI=,PubT4R7znVU3NHa2LElSgLrITJw=
-19,10,wm4FEbVXrQkMnpSCZkN5NFHVwEI=,PubT4R7znVU3NHa2LElSgLrITJw=
-25,9,wm4FEbVXrQkMnpSCZkN5NFHVwEI=,rULTOg+CF2o/nfKUTEdepnZOm30=
-21,10,wm4FEbVXrQkMnpSCZkN5NFHVwEI=,PubT4R7znVU3NHa2LElSgLrITJw=
-22,10,wm4FEbVXrQkMnpSCZkN5NFHVwEI=,PubT4R7znVU3NHa2LElSgLrITJw=
-23,10,wm4FEbVXrQkMnpSCZkN5NFHVwEI=,PubT4R7znVU3NHa2LElSgLrITJw=
-24,10,wm4FEbVXrQkMnpSCZkN5NFHVwEI=,PubT4R7znVU3NHa2LElSgLrITJw=
-18,9,wm4FEbVXrQkMnpSCZkN5NFHVwEI=,PubT4R7znVU3NHa2LElSgLrITJw=
-20,9,wm4FEbVXrQkMnpSCZkN5NFHVwEI=,PubT4R7znVU3NHa2LElSgLrITJw=
-19,9,wm4FEbVXrQkMnpSCZkN5NFHVwEI=,PubT4R7znVU3NHa2LElSgLrITJw=
-21,9,wm4FEbVXrQkMnpSCZkN5NFHVwEI=,PubT4R7znVU3NHa2LElSgLrITJw=
-23,9,wm4FEbVXrQkMnpSCZkN5NFHVwEI=,PubT4R7znVU3NHa2LElSgLrITJw=
-22,9,wm4FEbVXrQkMnpSCZkN5NFHVwEI=,PubT4R7znVU3NHa2LElSgLrITJw=
-24,9,wm4FEbVXrQkMnpSCZkN5NFHVwEI=,PubT4R7znVU3NHa2LElSgLrITJw=
-25,14,wm4FEbVXrQkMnpSCZkN5NFHVwEI=,rULTOg+CF2o/nfKUTEdepnZOm30=
-25,13,OMLjAXDBfd/Ff0MzSVz1MOun+h4=,rULTOg+CF2o/nfKUTEdepnZOm30=
-18,14,OMLjAXDBfd/Ff0MzSVz1MOun+h4=,PubT4R7znVU3NHa2LElSgLrITJw=
-19,14,OMLjAXDBfd/Ff0MzSVz1MOun+h4=,PubT4R7znVU3NHa2LElSgLrITJw=
-20,14,OMLjAXDBfd/Ff0MzSVz1MOun+h4=,PubT4R7znVU3NHa2LElSgLrITJw=
-25,12,OMLjAXDBfd/Ff0MzSVz1MOun+h4=,rULTOg+CF2o/nfKUTEdepnZOm30=
-22,14,OMLjAXDBfd/Ff0MzSVz1MOun+h4=,PubT4R7znVU3NHa2LElSgLrITJw=
-21,14,OMLjAXDBfd/Ff0MzSVz1MOun+h4=,PubT4R7znVU3NHa2LElSgLrITJw=
-24,14,OMLjAXDBfd/Ff0MzSVz1MOun+h4=,PubT4R7znVU3NHa2LElSgLrITJw=
-18,13,OMLjAXDBfd/Ff0MzSVz1MOun+h4=,PubT4R7znVU3NHa2LElSgLrITJw=
-23,14,OMLjAXDBfd/Ff0MzSVz1MOun+h4=,PubT4R7znVU3NHa2LElSgLrITJw=
-19,13,OMLjAXDBfd/Ff0MzSVz1MOun+h4=,PubT4R7znVU3NHa2LElSgLrITJw=
-20,13,OMLjAXDBfd/Ff0MzSVz1MOun+h4=,PubT4R7znVU3NHa2LElSgLrITJw=
-21,13,OMLjAXDBfd/Ff0MzSVz1MOun+h4=,PubT4R7znVU3NHa2LElSgLrITJw=
-22,13,OMLjAXDBfd/Ff0MzSVz1MOun+h4=,PubT4R7znVU3NHa2LElSgLrITJw=
-25,11,OMLjAXDBfd/Ff0MzSVz1MOun+h4=,rULTOg+CF2o/nfKUTEdepnZOm30=
-23,13,OMLjAXDBfd/Ff0MzSVz1MOun+h4=,PubT4R7znVU3NHa2LElSgLrITJw=
-24,13,OMLjAXDBfd/Ff0MzSVz1MOun+h4=,PubT4R7znVU3NHa2LElSgLrITJw=
-19,12,OMLjAXDBfd/Ff0MzSVz1MOun+h4=,PubT4R7znVU3NHa2LElSgLrITJw=
-18,12,OMLjAXDBfd/Ff0MzSVz1MOun+h4=,PubT4R7znVU3NHa2LElSgLrITJw=
-20,12,OMLjAXDBfd/Ff0MzSVz1MOun+h4=,PubT4R7znVU3NHa2LElSgLrITJw=
-22,12,OMLjAXDBfd/Ff0MzSVz1MOun+h4=,PubT4R7znVU3NHa2LElSgLrITJw=
-21,12,OMLjAXDBfd/Ff0MzSVz1MOun+h4=,PubT4R7znVU3NHa2LElSgLrITJw=
-25,10,OMLjAXDBfd/Ff0MzSVz1MOun+h4=,rULTOg+CF2o/nfKUTEdepnZOm30=
-24,12,OMLjAXDBfd/Ff0MzSVz1MOun+h4=,PubT4R7znVU3NHa2LElSgLrITJw=
-23,12,OMLjAXDBfd/Ff0MzSVz1MOun+h4=,PubT4R7znVU3NHa2LElSgLrITJw=
-19,11,OMLjAXDBfd/Ff0MzSVz1MOun+h4=,PubT4R7znVU3NHa2LElSgLrITJw=
-18,11,OMLjAXDBfd/Ff0MzSVz1MOun+h4=,PubT4R7znVU3NHa2LElSgLrITJw=
-21,11,OMLjAXDBfd/Ff0MzSVz1MOun+h4=,PubT4R7znVU3NHa2LElSgLrITJw=
-20,11,OMLjAXDBfd/Ff0MzSVz1MOun+h4=,PubT4R7znVU3NHa2LElSgLrITJw=
-22,11,OMLjAXDBfd/Ff0MzSVz1MOun+h4=,PubT4R7znVU3NHa2LElSgLrITJw=
-23,11,OMLjAXDBfd/Ff0MzSVz1MOun+h4=,PubT4R7znVU3NHa2LElSgLrITJw=
-24,11,OMLjAXDBfd/Ff0MzSVz1MOun+h4=,PubT4R7znVU3NHa2LElSgLrITJw=
-18,10,OMLjAXDBfd/Ff0MzSVz1MOun+h4=,PubT4R7znVU3NHa2LElSgLrITJw=
-20,7,OMLjAXDBfd/Ff0MzSVz1MOun+h4=,rM0QKbZ18uEZhtpCLciwSKtKUzI=
-24,1,OMLjAXDBfd/Ff0MzSVz1MOun+h4=,rM0QKbZ18uEZhtpCLciwSKtKUzI=
-19,7,OMLjAXDBfd/Ff0MzSVz1MOun+h4=,rM0QKbZ18uEZhtpCLciwSKtKUzI=
-18,7,OMLjAXDBfd/Ff0MzSVz1MOun+h4=,rM0QKbZ18uEZhtpCLciwSKtKUzI=
-23,1,OMLjAXDBfd/Ff0MzSVz1MOun+h4=,rM0QKbZ18uEZhtpCLciwSKtKUzI=
-22,1,OMLjAXDBfd/Ff0MzSVz1MOun+h4=,rM0QKbZ18uEZhtpCLciwSKtKUzI=
-20,1,OMLjAXDBfd/Ff0MzSVz1MOun+h4=,rM0QKbZ18uEZhtpCLciwSKtKUzI=
-18,1,OMLjAXDBfd/Ff0MzSVz1MOun+h4=,rM0QKbZ18uEZhtpCLciwSKtKUzI=
-21,1,OMLjAXDBfd/Ff0MzSVz1MOun+h4=,rM0QKbZ18uEZhtpCLciwSKtKUzI=
-25,5,OMLjAXDBfd/Ff0MzSVz1MOun+h4=,WDVDg4tlbL2usdxtMUvypdvEnls=
-19,1,OMLjAXDBfd/Ff0MzSVz1MOun+h4=,rM0QKbZ18uEZhtpCLciwSKtKUzI=
-24,2,OMLjAXDBfd/Ff0MzSVz1MOun+h4=,rM0QKbZ18uEZhtpCLciwSKtKUzI=
-23,2,OMLjAXDBfd/Ff0MzSVz1MOun+h4=,rM0QKbZ18uEZhtpCLciwSKtKUzI=
-22,2,OMLjAXDBfd/Ff0MzSVz1MOun+h4=,rM0QKbZ18uEZhtpCLciwSKtKUzI=
-21,2,OMLjAXDBfd/Ff0MzSVz1MOun+h4=,rM0QKbZ18uEZhtpCLciwSKtKUzI=
-20,2,OMLjAXDBfd/Ff0MzSVz1MOun+h4=,rM0QKbZ18uEZhtpCLciwSKtKUzI=
-25,6,OMLjAXDBfd/Ff0MzSVz1MOun+h4=,WDVDg4tlbL2usdxtMUvypdvEnls=
-19,2,OMLjAXDBfd/Ff0MzSVz1MOun+h4=,rM0QKbZ18uEZhtpCLciwSKtKUzI=
-25,2,OMLjAXDBfd/Ff0MzSVz1MOun+h4=,WDVDg4tlbL2usdxtMUvypdvEnls=
-18,2,OMLjAXDBfd/Ff0MzSVz1MOun+h4=,rM0QKbZ18uEZhtpCLciwSKtKUzI=
-23,3,OMLjAXDBfd/Ff0MzSVz1MOun+h4=,rM0QKbZ18uEZhtpCLciwSKtKUzI=
-24,3,OMLjAXDBfd/Ff0MzSVz1MOun+h4=,rM0QKbZ18uEZhtpCLciwSKtKUzI=
-21,3,OMLjAXDBfd/Ff0MzSVz1MOun+h4=,rM0QKbZ18uEZhtpCLciwSKtKUzI=
-22,3,OMLjAXDBfd/Ff0MzSVz1MOun+h4=,rM0QKbZ18uEZhtpCLciwSKtKUzI=
-19,3,OMLjAXDBfd/Ff0MzSVz1MOun+h4=,rM0QKbZ18uEZhtpCLciwSKtKUzI=
-20,3,OMLjAXDBfd/Ff0MzSVz1MOun+h4=,rM0QKbZ18uEZhtpCLciwSKtKUzI=
-24,4,OMLjAXDBfd/Ff0MzSVz1MOun+h4=,rM0QKbZ18uEZhtpCLciwSKtKUzI=
-23,4,OMLjAXDBfd/Ff0MzSVz1MOun+h4=,rM0QKbZ18uEZhtpCLciwSKtKUzI=
-18,3,OMLjAXDBfd/Ff0MzSVz1MOun+h4=,rM0QKbZ18uEZhtpCLciwSKtKUzI=
-22,4,OMLjAXDBfd/Ff0MzSVz1MOun+h4=,rM0QKbZ18uEZhtpCLciwSKtKUzI=
-20,4,OMLjAXDBfd/Ff0MzSVz1MOun+h4=,rM0QKbZ18uEZhtpCLciwSKtKUzI=
-25,0,OMLjAXDBfd/Ff0MzSVz1MOun+h4=,WDVDg4tlbL2usdxtMUvypdvEnls=
-21,4,OMLjAXDBfd/Ff0MzSVz1MOun+h4=,rM0QKbZ18uEZhtpCLciwSKtKUzI=
-19,4,OMLjAXDBfd/Ff0MzSVz1MOun+h4=,rM0QKbZ18uEZhtpCLciwSKtKUzI=
-18,4,OMLjAXDBfd/Ff0MzSVz1MOun+h4=,rM0QKbZ18uEZhtpCLciwSKtKUzI=
-24,5,OMLjAXDBfd/Ff0MzSVz1MOun+h4=,rM0QKbZ18uEZhtpCLciwSKtKUzI=
-23,5,OMLjAXDBfd/Ff0MzSVz1MOun+h4=,rM0QKbZ18uEZhtpCLciwSKtKUzI=
-25,1,OMLjAXDBfd/Ff0MzSVz1MOun+h4=,WDVDg4tlbL2usdxtMUvypdvEnls=
-22,5,OMLjAXDBfd/Ff0MzSVz1MOun+h4=,rM0QKbZ18uEZhtpCLciwSKtKUzI=
-21,5,OMLjAXDBfd/Ff0MzSVz1MOun+h4=,rM0QKbZ18uEZhtpCLciwSKtKUzI=
-25,4,OMLjAXDBfd/Ff0MzSVz1MOun+h4=,WDVDg4tlbL2usdxtMUvypdvEnls=
-18,5,OMLjAXDBfd/Ff0MzSVz1MOun+h4=,rM0QKbZ18uEZhtpCLciwSKtKUzI=
-19,5,OMLjAXDBfd/Ff0MzSVz1MOun+h4=,rM0QKbZ18uEZhtpCLciwSKtKUzI=
-20,5,OMLjAXDBfd/Ff0MzSVz1MOun+h4=,rM0QKbZ18uEZhtpCLciwSKtKUzI=
-24,6,OMLjAXDBfd/Ff0MzSVz1MOun+h4=,rM0QKbZ18uEZhtpCLciwSKtKUzI=
-23,6,OMLjAXDBfd/Ff0MzSVz1MOun+h4=,rM0QKbZ18uEZhtpCLciwSKtKUzI=
-24,8,OMLjAXDBfd/Ff0MzSVz1MOun+h4=,PubT4R7znVU3NHa2LElSgLrITJw=
-23,8,OMLjAXDBfd/Ff0MzSVz1MOun+h4=,PubT4R7znVU3NHa2LElSgLrITJw=
-22,8,OMLjAXDBfd/Ff0MzSVz1MOun+h4=,PubT4R7znVU3NHa2LElSgLrITJw=
-21,8,OMLjAXDBfd/Ff0MzSVz1MOun+h4=,PubT4R7znVU3NHa2LElSgLrITJw=
-22,6,OMLjAXDBfd/Ff0MzSVz1MOun+h4=,rM0QKbZ18uEZhtpCLciwSKtKUzI=
-21,6,OMLjAXDBfd/Ff0MzSVz1MOun+h4=,rM0QKbZ18uEZhtpCLciwSKtKUzI=
-20,8,OMLjAXDBfd/Ff0MzSVz1MOun+h4=,PubT4R7znVU3NHa2LElSgLrITJw=
-20,6,OMLjAXDBfd/Ff0MzSVz1MOun+h4=,rM0QKbZ18uEZhtpCLciwSKtKUzI=
-18,8,OMLjAXDBfd/Ff0MzSVz1MOun+h4=,PubT4R7znVU3NHa2LElSgLrITJw=
-19,8,OMLjAXDBfd/Ff0MzSVz1MOun+h4=,PubT4R7znVU3NHa2LElSgLrITJw=
-25,3,OMLjAXDBfd/Ff0MzSVz1MOun+h4=,WDVDg4tlbL2usdxtMUvypdvEnls=
-19,6,OMLjAXDBfd/Ff0MzSVz1MOun+h4=,rM0QKbZ18uEZhtpCLciwSKtKUzI=
-25,8,OMLjAXDBfd/Ff0MzSVz1MOun+h4=,rULTOg+CF2o/nfKUTEdepnZOm30=
-18,6,OMLjAXDBfd/Ff0MzSVz1MOun+h4=,rM0QKbZ18uEZhtpCLciwSKtKUzI=
-23,7,OMLjAXDBfd/Ff0MzSVz1MOun+h4=,rM0QKbZ18uEZhtpCLciwSKtKUzI=
-24,7,OMLjAXDBfd/Ff0MzSVz1MOun+h4=,rM0QKbZ18uEZhtpCLciwSKtKUzI=
-24,0,OMLjAXDBfd/Ff0MzSVz1MOun+h4=,rM0QKbZ18uEZhtpCLciwSKtKUzI=
-21,7,OMLjAXDBfd/Ff0MzSVz1MOun+h4=,rM0QKbZ18uEZhtpCLciwSKtKUzI=
-22,7,OMLjAXDBfd/Ff0MzSVz1MOun+h4=,rM0QKbZ18uEZhtpCLciwSKtKUzI=
-23,0,OMLjAXDBfd/Ff0MzSVz1MOun+h4=,rM0QKbZ18uEZhtpCLciwSKtKUzI=
-21,0,OMLjAXDBfd/Ff0MzSVz1MOun+h4=,rM0QKbZ18uEZhtpCLciwSKtKUzI=
-22,0,OMLjAXDBfd/Ff0MzSVz1MOun+h4=,rM0QKbZ18uEZhtpCLciwSKtKUzI=
-20,0,OMLjAXDBfd/Ff0MzSVz1MOun+h4=,rM0QKbZ18uEZhtpCLciwSKtKUzI=
-19,0,OMLjAXDBfd/Ff0MzSVz1MOun+h4=,rM0QKbZ18uEZhtpCLciwSKtKUzI=
-18,0,OMLjAXDBfd/Ff0MzSVz1MOun+h4=,rM0QKbZ18uEZhtpCLciwSKtKUzI=
-25,7,OMLjAXDBfd/Ff0MzSVz1MOun+h4=,WDVDg4tlbL2usdxtMUvypdvEnls=
-23,15,OMLjAXDBfd/Ff0MzSVz1MOun+h4=,PubT4R7znVU3NHa2LElSgLrITJw=
-22,15,OMLjAXDBfd/Ff0MzSVz1MOun+h4=,PubT4R7znVU3NHa2LElSgLrITJw=
-21,15,OMLjAXDBfd/Ff0MzSVz1MOun+h4=,PubT4R7znVU3NHa2LElSgLrITJw=
-20,15,OMLjAXDBfd/Ff0MzSVz1MOun+h4=,PubT4R7znVU3NHa2LElSgLrITJw=
-19,15,OMLjAXDBfd/Ff0MzSVz1MOun+h4=,PubT4R7znVU3NHa2LElSgLrITJw=
-18,15,OMLjAXDBfd/Ff0MzSVz1MOun+h4=,PubT4R7znVU3NHa2LElSgLrITJw=
-24,15,OMLjAXDBfd/Ff0MzSVz1MOun+h4=,PubT4R7znVU3NHa2LElSgLrITJw=
-17,10,OMLjAXDBfd/Ff0MzSVz1MOun+h4=,PubT4R7znVU3NHa2LElSgLrITJw=
-25,15,OMLjAXDBfd/Ff0MzSVz1MOun+h4=,rULTOg+CF2o/nfKUTEdepnZOm30=
-17,11,OMLjAXDBfd/Ff0MzSVz1MOun+h4=,PubT4R7znVU3NHa2LElSgLrITJw=
-17,13,OMLjAXDBfd/Ff0MzSVz1MOun+h4=,PubT4R7znVU3NHa2LElSgLrITJw=
-17,14,OMLjAXDBfd/Ff0MzSVz1MOun+h4=,PubT4R7znVU3NHa2LElSgLrITJw=
-17,9,OMLjAXDBfd/Ff0MzSVz1MOun+h4=,PubT4R7znVU3NHa2LElSgLrITJw=
-17,12,OMLjAXDBfd/Ff0MzSVz1MOun+h4=,PubT4R7znVU3NHa2LElSgLrITJw=
-17,7,OMLjAXDBfd/Ff0MzSVz1MOun+h4=,rM0QKbZ18uEZhtpCLciwSKtKUzI=
-17,15,OMLjAXDBfd/Ff0MzSVz1MOun+h4=,PubT4R7znVU3NHa2LElSgLrITJw=
-17,8,OMLjAXDBfd/Ff0MzSVz1MOun+h4=,PubT4R7znVU3NHa2LElSgLrITJw=
-17,5,OMLjAXDBfd/Ff0MzSVz1MOun+h4=,rM0QKbZ18uEZhtpCLciwSKtKUzI=
-17,4,OMLjAXDBfd/Ff0MzSVz1MOun+h4=,rM0QKbZ18uEZhtpCLciwSKtKUzI=
-17,6,OMLjAXDBfd/Ff0MzSVz1MOun+h4=,rM0QKbZ18uEZhtpCLciwSKtKUzI=
-17,1,OMLjAXDBfd/Ff0MzSVz1MOun+h4=,rM0QKbZ18uEZhtpCLciwSKtKUzI=
-17,3,OMLjAXDBfd/Ff0MzSVz1MOun+h4=,rM0QKbZ18uEZhtpCLciwSKtKUzI=
-17,0,OMLjAXDBfd/Ff0MzSVz1MOun+h4=,rM0QKbZ18uEZhtpCLciwSKtKUzI=
-17,2,OMLjAXDBfd/Ff0MzSVz1MOun+h4=,rM0QKbZ18uEZhtpCLciwSKtKUzI=
-25,16,OMLjAXDBfd/Ff0MzSVz1MOun+h4=,l/Jrx+/kLVVKJuvSOuQx1fG0sDY=
-24,16,OMLjAXDBfd/Ff0MzSVz1MOun+h4=,84CPjtcM3Zr/WOeLcUaRaBi5Tmg=
-23,16,OMLjAXDBfd/Ff0MzSVz1MOun+h4=,84CPjtcM3Zr/WOeLcUaRaBi5Tmg=
-21,16,OMLjAXDBfd/Ff0MzSVz1MOun+h4=,84CPjtcM3Zr/WOeLcUaRaBi5Tmg=
-20,16,OMLjAXDBfd/Ff0MzSVz1MOun+h4=,84CPjtcM3Zr/WOeLcUaRaBi5Tmg=
-22,16,OMLjAXDBfd/Ff0MzSVz1MOun+h4=,84CPjtcM3Zr/WOeLcUaRaBi5Tmg=
-18,16,OMLjAXDBfd/Ff0MzSVz1MOun+h4=,84CPjtcM3Zr/WOeLcUaRaBi5Tmg=
-19,16,OMLjAXDBfd/Ff0MzSVz1MOun+h4=,84CPjtcM3Zr/WOeLcUaRaBi5Tmg=
-17,16,OMLjAXDBfd/Ff0MzSVz1MOun+h4=,84CPjtcM3Zr/WOeLcUaRaBi5Tmg=
