12,11,iBjwKhyQBTnTV0H4qesADDdJReM=,cLBfIKPJ58FSxbjVaIFtUYl1PcU=
13,11,iBjwKhyQBTnTV0H4qesADDdJReM=,cLBfIKPJ58FSxbjVaIFtUYl1PcU=
14,11,RIUQupyH5EVAAiiFczJoEVhY2a8=,cLBfIKPJ58FSxbjVaIFtUYl1PcU=
14,12,RIUQupyH5EVAAiiFczJoEVhY2a8=,cLBfIKPJ58FSxbjVaIFtUYl1PcU=
11,14,RIUQupyH5EVAAiiFczJoEVhY2a8=,cLBfIKPJ58FSxbjVaIFtUYl1PcU=
13,12,RIUQupyH5EVAAiiFczJoEVhY2a8=,cLBfIKPJ58FSxbjVaIFtUYl1PcU=
12,12,RIUQupyH5EVAAiiFczJoEVhY2a8=,cLBfIKPJ58FSxbjVaIFtUYl1PcU=
10,14,RIUQupyH5EVAAiiFczJoEVhY2a8=,cLBfIKPJ58FSxbjVaIFtUYl1PcU=
9,14,RIUQupyH5EVAAiiFczJoEVhY2a8=,cLBfIKPJ58FSxbjVaIFtUYl1PcU=
14,10,RIUQupyH5EVAAiiFczJoEVhY2a8=,cLBfIKPJ58FSxbjVaIFtUYl1PcU=
13,10,RIUQupyH5EVAAiiFczJoEVhY2a8=,cLBfIKPJ58FSxbjVaIFtUYl1PcU=
12,10,RIUQupyH5EVAAiiFczJoEVhY2a8=,cLBfIKPJ58FSxbjVaIFtUYl1PcU=
14,13,RIUQupyH5EVAAiiFczJoEVhY2a8=,cLBfIKPJ58FSxbjVaIFtUYl1PcU=
13,13,RIUQupyH5EVAAiiFczJoEVhY2a8=,cLBfIKPJ58FSxbjVaIFtUYl1PcU=
12,13,RIUQupyH5EVAAiiFczJoEVhY2a8=,cLBfIKPJ58FSxbjVaIFtUYl1PcU=
14,9,RIUQupyH5EVAAiiFczJoEVhY2a8=,cLBfIKPJ58FSxbjVaIFtUYl1PcU=
13,9,RIUQupyH5EVAAiiFczJoEVhY2a8=,cLBfIKPJ58FSxbjVaIFtUYl1PcU=
12,9,RIUQupyH5EVAAiiFczJoEVhY2a8=,cLBfIKPJ58FSxbjVaIFtUYl1PcU=
14,14,RIUQupyH5EVAAiiFczJoEVhY2a8=,cLBfIKPJ58FSxbjVaIFtUYl1PcU=
13,14,RIUQupyH5EVAAiiFczJoEVhY2a8=,cLBfIKPJ58FSxbjVaIFtUYl1PcU=
12,14,RIUQupyH5EVAAiiFczJoEVhY2a8=,cLBfIKPJ58FSxbjVaIFtUYl1PcU=
12,15,RIUQupyH5EVAAiiFczJoEVhY2a8=,cLBfIKPJ58FSxbjVaIFtUYl1PcU=
13,15,RIUQupyH5EVAAiiFczJoEVhY2a8=,cLBfIKPJ58FSxbjVaIFtUYl1PcU=
14,15,RIUQupyH5EVAAiiFczJoEVhY2a8=,cLBfIKPJ58FSxbjVaIFtUYl1PcU=
9,15,RIUQupyH5EVAAiiFczJoEVhY2a8=,cLBfIKPJ58FSxbjVaIFtUYl1PcU=
10,15,RIUQupyH5EVAAiiFczJoEVhY2a8=,cLBfIKPJ58FSxbjVaIFtUYl1PcU=
11,15,RIUQupyH5EVAAiiFczJoEVhY2a8=,cLBfIKPJ58FSxbjVaIFtUYl1PcU=
12,4,RIUQupyH5EVAAiiFczJoEVhY2a8=,o7udv+haWdcLWCJW2zDG4lAJMrs=
13,4,RIUQupyH5EVAAiiFczJoEVhY2a8=,o7udv+haWdcLWCJW2zDG4lAJMrs=
14,4,RIUQupyH5EVAAiiFczJoEVhY2a8=,o7udv+haWdcLWCJW2zDG4lAJMrs=
11,4,RIUQupyH5EVAAiiFczJoEVhY2a8=,o7udv+haWdcLWCJW2zDG4lAJMrs=
15,3,RIUQupyH5EVAAiiFczJoEVhY2a8=,o7udv+haWdcLWCJW2zDG4lAJMrs=
14,3,RIUQupyH5EVAAiiFczJoEVhY2a8=,o7udv+haWdcLWCJW2zDG4lAJMrs=
13,3,RIUQupyH5EVAAiiFczJoEVhY2a8=,o7udv+haWdcLWCJW2zDG4lAJMrs=
12,3,RIUQupyH5EVAAiiFczJoEVhY2a8=,o7udv+haWdcLWCJW2zDG4lAJMrs=
15,6,RIUQupyH5EVAAiiFczJoEVhY2a8=,o7udv+haWdcLWCJW2zDG4lAJMrs=
14,6,RIUQupyH5EVAAiiFczJoEVhY2a8=,o7udv+haWdcLWCJW2zDG4lAJMrs=
14,7,RIUQupyH5EVAAiiFczJoEVhY2a8=,o7udv+haWdcLWCJW2zDG4lAJMrs=
15,1,RIUQupyH5EVAAiiFczJoEVhY2a8=,o7udv+haWdcLWCJW2zDG4lAJMrs=
14,1,RIUQupyH5EVAAiiFczJoEVhY2a8=,o7udv+haWdcLWCJW2zDG4lAJMrs=
13,6,RIUQupyH5EVAAiiFczJoEVhY2a8=,o7udv+haWdcLWCJW2zDG4lAJMrs=
13,7,RIUQupyH5EVAAiiFczJoEVhY2a8=,o7udv+haWdcLWCJW2zDG4lAJMrs=
14,8,RIUQupyH5EVAAiiFczJoEVhY2a8=,cLBfIKPJ58FSxbjVaIFtUYl1PcU=
13,1,RIUQupyH5EVAAiiFczJoEVhY2a8=,o7udv+haWdcLWCJW2zDG4lAJMrs=
12,6,RIUQupyH5EVAAiiFczJoEVhY2a8=,o7udv+haWdcLWCJW2zDG4lAJMrs=
12,7,RIUQupyH5EVAAiiFczJoEVhY2a8=,o7udv+haWdcLWCJW2zDG4lAJMrs=
13,8,RIUQupyH5EVAAiiFczJoEVhY2a8=,cLBfIKPJ58FSxbjVaIFtUYl1PcU=
11,6,RIUQupyH5EVAAiiFczJoEVhY2a8=,o7udv+haWdcLWCJW2zDG4lAJMrs=
12,8,RIUQupyH5EVAAiiFczJoEVhY2a8=,cLBfIKPJ58FSxbjVaIFtUYl1PcU=
12,1,RIUQupyH5EVAAiiFczJoEVhY2a8=,o7udv+haWdcLWCJW2zDG4lAJMrs=
15,2,RIUQupyH5EVAAiiFczJoEVhY2a8=,o7udv+haWdcLWCJW2zDG4lAJMrs=
11,7,RIUQupyH5EVAAiiFczJoEVhY2a8=,o7udv+haWdcLWCJW2zDG4lAJMrs=
14,2,RIUQupyH5EVAAiiFczJoEVhY2a8=,o7udv+haWdcLWCJW2zDG4lAJMrs=
13,2,RIUQupyH5EVAAiiFczJoEVhY2a8=,o7udv+haWdcLWCJW2zDG4lAJMrs=
15,5,RIUQupyH5EVAAiiFczJoEVhY2a8=,o7udv+haWdcLWCJW2zDG4lAJMrs=
12,2,RIUQupyH5EVAAiiFczJoEVhY2a8=,o7udv+haWdcLWCJW2zDG4lAJMrs=
14,5,RIUQupyH5EVAAiiFczJoEVhY2a8=,o7udv+haWdcLWCJW2zDG4lAJMrs=
13,5,RIUQupyH5EVAAiiFczJoEVhY2a8=,o7udv+haWdcLWCJW2zDG4lAJMrs=
12,5,RIUQupyH5EVAAiiFczJoEVhY2a8=,o7udv+haWdcLWCJW2zDG4lAJMrs=
11,5,RIUQupyH5EVAAiiFczJoEVhY2a8=,o7udv+haWdcLWCJW2zDG4lAJMrs=
15,4,RIUQupyH5EVAAiiFczJoEVhY2a8=,o7udv+haWdcLWCJW2zDG4lAJMrs=
3,14,RIUQupyH5EVAAiiFczJoEVhY2a8=,46oTGFNlxbtwzpzRLoZsL96/IxU=
4,14,RIUQupyH5EVAAiiFczJoEVhY2a8=,46oTGFNlxbtwzpzRLoZsL96/IxU=
5,14,RIUQupyH5EVAAiiFczJoEVhY2a8=,46oTGFNlxbtwzpzRLoZsL96/IxU=
6,14,RIUQupyH5EVAAiiFczJoEVhY2a8=,46oTGFNlxbtwzpzRLoZsL96/IxU=
7,14,RIUQupyH5EVAAiiFczJoEVhY2a8=,46oTGFNlxbtwzpzRLoZsL96/IxU=
8,14,RIUQupyH5EVAAiiFczJoEVhY2a8=,cLBfIKPJ58FSxbjVaIFtUYl1PcU=
3,15,RIUQupyH5EVAAiiFczJoEVhY2a8=,46oTGFNlxbtwzpzRLoZsL96/IxU=
2,15,RIUQupyH5EVAAiiFczJoEVhY2a8=,46oTGFNlxbtwzpzRLoZsL96/IxU=
4,15,kE0T4xp/IaD9T7Muw+wAh1DYGZo=,46oTGFNlxbtwzpzRLoZsL96/IxU=
1,15,kE0T4xp/IaD9T7Muw+wAh1DYGZo=,46oTGFNlxbtwzpzRLoZsL96/IxU=
5,15,kE0T4xp/IaD9T7Muw+wAh1DYGZo=,46oTGFNlxbtwzpzRLoZsL96/IxU=
7,15,kE0T4xp/IaD9T7Muw+wAh1DYGZo=,46oTGFNlxbtwzpzRLoZsL96/IxU=
6,15,kE0T4xp/IaD9T7Muw+wAh1DYGZo=,46oTGFNlxbtwzpzRLoZsL96/IxU=
8,15,kE0T4xp/IaD9T7Muw+wAh1DYGZo=,cLBfIKPJ58FSxbjVaIFtUYl1PcU=
11,13,kE0T4xp/IaD9T7Muw+wAh1DYGZo=,cLBfIKPJ58FSxbjVaIFtUYl1PcU=
11,12,kE0T4xp/IaD9T7Muw+wAh1DYGZo=,cLBfIKPJ58FSxbjVaIFtUYl1PcU=
9,13,kE0T4xp/IaD9T7Muw+wAh1DYGZo=,cLBfIKPJ58FSxbjVaIFtUYl1PcU=
4,13,kE0T4xp/IaD9T7Muw+wAh1DYGZo=,46oTGFNlxbtwzpzRLoZsL96/IxU=
4,12,kE0T4xp/IaD9T7Muw+wAh1DYGZo=,46oTGFNlxbtwzpzRLoZsL96/IxU=
8,12,kE0T4xp/IaD9T7Muw+wAh1DYGZo=,cLBfIKPJ58FSxbjVaIFtUYl1PcU=
6,12,kE0T4xp/IaD9T7Muw+wAh1DYGZo=,46oTGFNlxbtwzpzRLoZsL96/IxU=
5,13,kE0T4xp/IaD9T7Muw+wAh1DYGZo=,46oTGFNlxbtwzpzRLoZsL96/IxU=
8,13,kE0T4xp/IaD9T7Muw+wAh1DYGZo=,cLBfIKPJ58FSxbjVaIFtUYl1PcU=
7,12,kE0T4xp/IaD9T7Muw+wAh1DYGZo=,46oTGFNlxbtwzpzRLoZsL96/IxU=
5,12,kE0T4xp/IaD9T7Muw+wAh1DYGZo=,46oTGFNlxbtwzpzRLoZsL96/IxU=
10,12,kE0T4xp/IaD9T7Muw+wAh1DYGZo=,cLBfIKPJ58FSxbjVaIFtUYl1PcU=
6,13,kE0T4xp/IaD9T7Muw+wAh1DYGZo=,46oTGFNlxbtwzpzRLoZsL96/IxU=
7,13,kE0T4xp/IaD9T7Muw+wAh1DYGZo=,46oTGFNlxbtwzpzRLoZsL96/IxU=
10,13,kE0T4xp/IaD9T7Muw+wAh1DYGZo=,cLBfIKPJ58FSxbjVaIFtUYl1PcU=
14,0,87VyycvXNeKDzyMQCaX7IJTsrSA=,o7udv+haWdcLWCJW2zDG4lAJMrs=
9,12,87VyycvXNeKDzyMQCaX7IJTsrSA=,cLBfIKPJ58FSxbjVaIFtUYl1PcU=
13,0,87VyycvXNeKDzyMQCaX7IJTsrSA=,o7udv+haWdcLWCJW2zDG4lAJMrs=
12,0,87VyycvXNeKDzyMQCaX7IJTsrSA=,o7udv+haWdcLWCJW2zDG4lAJMrs=
8,4,87VyycvXNeKDzyMQCaX7IJTsrSA=,o7udv+haWdcLWCJW2zDG4lAJMrs=
6,6,87VyycvXNeKDzyMQCaX7IJTsrSA=,zFe6jqE4gCi9omZs3PdbzekqjvQ=
4,6,87VyycvXNeKDzyMQCaX7IJTsrSA=,zFe6jqE4gCi9omZs3PdbzekqjvQ=
5,6,87VyycvXNeKDzyMQCaX7IJTsrSA=,zFe6jqE4gCi9omZs3PdbzekqjvQ=
0,14,87VyycvXNeKDzyMQCaX7IJTsrSA=,46oTGFNlxbtwzpzRLoZsL96/IxU=
11,0,87VyycvXNeKDzyMQCaX7IJTsrSA=,o7udv+haWdcLWCJW2zDG4lAJMrs=
15,14,87VyycvXNeKDzyMQCaX7IJTsrSA=,cLBfIKPJ58FSxbjVaIFtUYl1PcU=
15,11,87VyycvXNeKDzyMQCaX7IJTsrSA=,cLBfIKPJ58FSxbjVaIFtUYl1PcU=
15,9,87VyycvXNeKDzyMQCaX7IJTsrSA=,cLBfIKPJ58FSxbjVaIFtUYl1PcU=
15,13,87VyycvXNeKDzyMQCaX7IJTsrSA=,cLBfIKPJ58FSxbjVaIFtUYl1PcU=
15,8,Udpk/KB7OmEadGzWAPQ3G8bhAk4=,cLBfIKPJ58FSxbjVaIFtUYl1PcU=
15,10,Udpk/KB7OmEadGzWAPQ3G8bhAk4=,cLBfIKPJ58FSxbjVaIFtUYl1PcU=
15,7,Udpk/KB7OmEadGzWAPQ3G8bhAk4=,o7udv+haWdcLWCJW2zDG4lAJMrs=
15,12,Udpk/KB7OmEadGzWAPQ3G8bhAk4=,cLBfIKPJ58FSxbjVaIFtUYl1PcU=
15,15,Udpk/KB7OmEadGzWAPQ3G8bhAk4=,cLBfIKPJ58FSxbjVaIFtUYl1PcU=
8,6,Udpk/KB7OmEadGzWAPQ3G8bhAk4=,o7udv+haWdcLWCJW2zDG4lAJMrs=
7,0,Udpk/KB7OmEadGzWAPQ3G8bhAk4=,zFe6jqE4gCi9omZs3PdbzekqjvQ=
7,4,Udpk/KB7OmEadGzWAPQ3G8bhAk4=,zFe6jqE4gCi9omZs3PdbzekqjvQ=
11,3,Udpk/KB7OmEadGzWAPQ3G8bhAk4=,o7udv+haWdcLWCJW2zDG4lAJMrs=
0,13,Udpk/KB7OmEadGzWAPQ3G8bhAk4=,46oTGFNlxbtwzpzRLoZsL96/IxU=
6,5,Udpk/KB7OmEadGzWAPQ3G8bhAk4=,zFe6jqE4gCi9omZs3PdbzekqjvQ=
10,0,Udpk/KB7OmEadGzWAPQ3G8bhAk4=,o7udv+haWdcLWCJW2zDG4lAJMrs=
0,8,Udpk/KB7OmEadGzWAPQ3G8bhAk4=,46oTGFNlxbtwzpzRLoZsL96/IxU=
9,0,Udpk/KB7OmEadGzWAPQ3G8bhAk4=,o7udv+haWdcLWCJW2zDG4lAJMrs=
4,0,Udpk/KB7OmEadGzWAPQ3G8bhAk4=,zFe6jqE4gCi9omZs3PdbzekqjvQ=
0,12,Udpk/KB7OmEadGzWAPQ3G8bhAk4=,46oTGFNlxbtwzpzRLoZsL96/IxU=
5,0,Udpk/KB7OmEadGzWAPQ3G8bhAk4=,zFe6jqE4gCi9omZs3PdbzekqjvQ=
8,0,Udpk/KB7OmEadGzWAPQ3G8bhAk4=,o7udv+haWdcLWCJW2zDG4lAJMrs=
3,13,Udpk/KB7OmEadGzWAPQ3G8bhAk4=,46oTGFNlxbtwzpzRLoZsL96/IxU=
4,2,Udpk/KB7OmEadGzWAPQ3G8bhAk4=,zFe6jqE4gCi9omZs3PdbzekqjvQ=
0,9,Udpk/KB7OmEadGzWAPQ3G8bhAk4=,46oTGFNlxbtwzpzRLoZsL96/IxU=
3,10,Udpk/KB7OmEadGzWAPQ3G8bhAk4=,46oTGFNlxbtwzpzRLoZsL96/IxU=
15,0,Udpk/KB7OmEadGzWAPQ3G8bhAk4=,o7udv+haWdcLWCJW2zDG4lAJMrs=
7,3,Udpk/KB7OmEadGzWAPQ3G8bhAk4=,zFe6jqE4gCi9omZs3PdbzekqjvQ=
4,3,Udpk/KB7OmEadGzWAPQ3G8bhAk4=,zFe6jqE4gCi9omZs3PdbzekqjvQ=
0,15,Udpk/KB7OmEadGzWAPQ3G8bhAk4=,46oTGFNlxbtwzpzRLoZsL96/IxU=
5,5,Udpk/KB7OmEadGzWAPQ3G8bhAk4=,zFe6jqE4gCi9omZs3PdbzekqjvQ=
5,3,Udpk/KB7OmEadGzWAPQ3G8bhAk4=,zFe6jqE4gCi9omZs3PdbzekqjvQ=
6,2,Udpk/KB7OmEadGzWAPQ3G8bhAk4=,zFe6jqE4gCi9omZs3PdbzekqjvQ=
5,2,Udpk/KB7OmEadGzWAPQ3G8bhAk4=,zFe6jqE4gCi9omZs3PdbzekqjvQ=
11,1,Udpk/KB7OmEadGzWAPQ3G8bhAk4=,o7udv+haWdcLWCJW2zDG4lAJMrs=
6,0,Udpk/KB7OmEadGzWAPQ3G8bhAk4=,zFe6jqE4gCi9omZs3PdbzekqjvQ=
9,1,Udpk/KB7OmEadGzWAPQ3G8bhAk4=,o7udv+haWdcLWCJW2zDG4lAJMrs=
10,1,Udpk/KB7OmEadGzWAPQ3G8bhAk4=,o7udv+haWdcLWCJW2zDG4lAJMrs=
1,14,Udpk/KB7OmEadGzWAPQ3G8bhAk4=,46oTGFNlxbtwzpzRLoZsL96/IxU=
1,10,Udpk/KB7OmEadGzWAPQ3G8bhAk4=,46oTGFNlxbtwzpzRLoZsL96/IxU=
7,2,Udpk/KB7OmEadGzWAPQ3G8bhAk4=,zFe6jqE4gCi9omZs3PdbzekqjvQ=
2,10,Udpk/KB7OmEadGzWAPQ3G8bhAk4=,46oTGFNlxbtwzpzRLoZsL96/IxU=
4,1,Udpk/KB7OmEadGzWAPQ3G8bhAk4=,zFe6jqE4gCi9omZs3PdbzekqjvQ=
1,6,Udpk/KB7OmEadGzWAPQ3G8bhAk4=,zFe6jqE4gCi9omZs3PdbzekqjvQ=
11,2,Udpk/KB7OmEadGzWAPQ3G8bhAk4=,o7udv+haWdcLWCJW2zDG4lAJMrs=
2,11,Udpk/KB7OmEadGzWAPQ3G8bhAk4=,46oTGFNlxbtwzpzRLoZsL96/IxU=
7,1,Udpk/KB7OmEadGzWAPQ3G8bhAk4=,zFe6jqE4gCi9omZs3PdbzekqjvQ=
1,1,Udpk/KB7OmEadGzWAPQ3G8bhAk4=,zFe6jqE4gCi9omZs3PdbzekqjvQ=
1,9,Udpk/KB7OmEadGzWAPQ3G8bhAk4=,46oTGFNlxbtwzpzRLoZsL96/IxU=
8,2,Udpk/KB7OmEadGzWAPQ3G8bhAk4=,o7udv+haWdcLWCJW2zDG4lAJMrs=
7,8,Udpk/KB7OmEadGzWAPQ3G8bhAk4=,46oTGFNlxbtwzpzRLoZsL96/IxU=
2,6,Udpk/KB7OmEadGzWAPQ3G8bhAk4=,zFe6jqE4gCi9omZs3PdbzekqjvQ=
11,11,Udpk/KB7OmEadGzWAPQ3G8bhAk4=,cLBfIKPJ58FSxbjVaIFtUYl1PcU=
0,0,Udpk/KB7OmEadGzWAPQ3G8bhAk4=,zFe6jqE4gCi9omZs3PdbzekqjvQ=
2,9,Udpk/KB7OmEadGzWAPQ3G8bhAk4=,46oTGFNlxbtwzpzRLoZsL96/IxU=
8,3,Udpk/KB7OmEadGzWAPQ3G8bhAk4=,o7udv+haWdcLWCJW2zDG4lAJMrs=
5,1,Udpk/KB7OmEadGzWAPQ3G8bhAk4=,zFe6jqE4gCi9omZs3PdbzekqjvQ=
7,5,Udpk/KB7OmEadGzWAPQ3G8bhAk4=,zFe6jqE4gCi9omZs3PdbzekqjvQ=
6,8,Udpk/KB7OmEadGzWAPQ3G8bhAk4=,46oTGFNlxbtwzpzRLoZsL96/IxU=
0,11,Udpk/KB7OmEadGzWAPQ3G8bhAk4=,46oTGFNlxbtwzpzRLoZsL96/IxU=
11,10,Udpk/KB7OmEadGzWAPQ3G8bhAk4=,cLBfIKPJ58FSxbjVaIFtUYl1PcU=
10,2,Udpk/KB7OmEadGzWAPQ3G8bhAk4=,o7udv+haWdcLWCJW2zDG4lAJMrs=
11,9,Udpk/KB7OmEadGzWAPQ3G8bhAk4=,cLBfIKPJ58FSxbjVaIFtUYl1PcU=
2,0,Udpk/KB7OmEadGzWAPQ3G8bhAk4=,zFe6jqE4gCi9omZs3PdbzekqjvQ=
1,3,Udpk/KB7OmEadGzWAPQ3G8bhAk4=,zFe6jqE4gCi9omZs3PdbzekqjvQ=
9,2,Udpk/KB7OmEadGzWAPQ3G8bhAk4=,o7udv+haWdcLWCJW2zDG4lAJMrs=
1,0,Udpk/KB7OmEadGzWAPQ3G8bhAk4=,zFe6jqE4gCi9omZs3PdbzekqjvQ=
10,9,Udpk/KB7OmEadGzWAPQ3G8bhAk4=,cLBfIKPJ58FSxbjVaIFtUYl1PcU=
8,8,Udpk/KB7OmEadGzWAPQ3G8bhAk4=,cLBfIKPJ58FSxbjVaIFtUYl1PcU=
6,1,Udpk/KB7OmEadGzWAPQ3G8bhAk4=,zFe6jqE4gCi9omZs3PdbzekqjvQ=
10,10,Udpk/KB7OmEadGzWAPQ3G8bhAk4=,cLBfIKPJ58FSxbjVaIFtUYl1PcU=
6,3,Udpk/KB7OmEadGzWAPQ3G8bhAk4=,zFe6jqE4gCi9omZs3PdbzekqjvQ=
11,8,Udpk/KB7OmEadGzWAPQ3G8bhAk4=,cLBfIKPJ58FSxbjVaIFtUYl1PcU=
3,2,Udpk/KB7OmEadGzWAPQ3G8bhAk4=,zFe6jqE4gCi9omZs3PdbzekqjvQ=
3,9,Udpk/KB7OmEadGzWAPQ3G8bhAk4=,46oTGFNlxbtwzpzRLoZsL96/IxU=
3,0,Udpk/KB7OmEadGzWAPQ3G8bhAk4=,zFe6jqE4gCi9omZs3PdbzekqjvQ=
9,9,Udpk/KB7OmEadGzWAPQ3G8bhAk4=,cLBfIKPJ58FSxbjVaIFtUYl1PcU=
10,11,Udpk/KB7OmEadGzWAPQ3G8bhAk4=,cLBfIKPJ58FSxbjVaIFtUYl1PcU=
10,4,Udpk/KB7OmEadGzWAPQ3G8bhAk4=,o7udv+haWdcLWCJW2zDG4lAJMrs=
9,4,Udpk/KB7OmEadGzWAPQ3G8bhAk4=,o7udv+haWdcLWCJW2zDG4lAJMrs=
9,11,Udpk/KB7OmEadGzWAPQ3G8bhAk4=,cLBfIKPJ58FSxbjVaIFtUYl1PcU=
1,4,Udpk/KB7OmEadGzWAPQ3G8bhAk4=,zFe6jqE4gCi9omZs3PdbzekqjvQ=
2,13,Udpk/KB7OmEadGzWAPQ3G8bhAk4=,46oTGFNlxbtwzpzRLoZsL96/IxU=
2,3,Udpk/KB7OmEadGzWAPQ3G8bhAk4=,zFe6jqE4gCi9omZs3PdbzekqjvQ=
2,4,Udpk/KB7OmEadGzWAPQ3G8bhAk4=,zFe6jqE4gCi9omZs3PdbzekqjvQ=
3,5,Udpk/KB7OmEadGzWAPQ3G8bhAk4=,zFe6jqE4gCi9omZs3PdbzekqjvQ=
9,10,Udpk/KB7OmEadGzWAPQ3G8bhAk4=,cLBfIKPJ58FSxbjVaIFtUYl1PcU=
3,1,Udpk/KB7OmEadGzWAPQ3G8bhAk4=,zFe6jqE4gCi9omZs3PdbzekqjvQ=
3,8,Udpk/KB7OmEadGzWAPQ3G8bhAk4=,46oTGFNlxbtwzpzRLoZsL96/IxU=
3,11,Udpk/KB7OmEadGzWAPQ3G8bhAk4=,46oTGFNlxbtwzpzRLoZsL96/IxU=
10,7,Udpk/KB7OmEadGzWAPQ3G8bhAk4=,o7udv+haWdcLWCJW2zDG4lAJMrs=
0,3,Udpk/KB7OmEadGzWAPQ3G8bhAk4=,zFe6jqE4gCi9omZs3PdbzekqjvQ=
10,6,Udpk/KB7OmEadGzWAPQ3G8bhAk4=,o7udv+haWdcLWCJW2zDG4lAJMrs=
5,8,Udpk/KB7OmEadGzWAPQ3G8bhAk4=,46oTGFNlxbtwzpzRLoZsL96/IxU=
9,6,Udpk/KB7OmEadGzWAPQ3G8bhAk4=,o7udv+haWdcLWCJW2zDG4lAJMrs=
2,14,Udpk/KB7OmEadGzWAPQ3G8bhAk4=,46oTGFNlxbtwzpzRLoZsL96/IxU=
1,13,Udpk/KB7OmEadGzWAPQ3G8bhAk4=,46oTGFNlxbtwzpzRLoZsL96/IxU=
0,7,Udpk/KB7OmEadGzWAPQ3G8bhAk4=,zFe6jqE4gCi9omZs3PdbzekqjvQ=
3,12,Udpk/KB7OmEadGzWAPQ3G8bhAk4=,46oTGFNlxbtwzpzRLoZsL96/IxU=
1,12,Udpk/KB7OmEadGzWAPQ3G8bhAk4=,46oTGFNlxbtwzpzRLoZsL96/IxU=
3,3,Udpk/KB7OmEadGzWAPQ3G8bhAk4=,zFe6jqE4gCi9omZs3PdbzekqjvQ=
2,12,Udpk/KB7OmEadGzWAPQ3G8bhAk4=,46oTGFNlxbtwzpzRLoZsL96/IxU=
8,1,Udpk/KB7OmEadGzWAPQ3G8bhAk4=,o7udv+haWdcLWCJW2zDG4lAJMrs=
9,8,Udpk/KB7OmEadGzWAPQ3G8bhAk4=,cLBfIKPJ58FSxbjVaIFtUYl1PcU=
10,8,Udpk/KB7OmEadGzWAPQ3G8bhAk4=,cLBfIKPJ58FSxbjVaIFtUYl1PcU=
0,1,Udpk/KB7OmEadGzWAPQ3G8bhAk4=,zFe6jqE4gCi9omZs3PdbzekqjvQ=
1,7,Udpk/KB7OmEadGzWAPQ3G8bhAk4=,zFe6jqE4gCi9omZs3PdbzekqjvQ=
3,4,Udpk/KB7OmEadGzWAPQ3G8bhAk4=,zFe6jqE4gCi9omZs3PdbzekqjvQ=
1,2,Udpk/KB7OmEadGzWAPQ3G8bhAk4=,zFe6jqE4gCi9omZs3PdbzekqjvQ=
1,11,Udpk/KB7OmEadGzWAPQ3G8bhAk4=,46oTGFNlxbtwzpzRLoZsL96/IxU=
0,10,Udpk/KB7OmEadGzWAPQ3G8bhAk4=,46oTGFNlxbtwzpzRLoZsL96/IxU=
10,3,Udpk/KB7OmEadGzWAPQ3G8bhAk4=,o7udv+haWdcLWCJW2zDG4lAJMrs=
9,3,Udpk/KB7OmEadGzWAPQ3G8bhAk4=,o7udv+haWdcLWCJW2zDG4lAJMrs=
5,11,Udpk/KB7OmEadGzWAPQ3G8bhAk4=,46oTGFNlxbtwzpzRLoZsL96/IxU=
9,5,Udpk/KB7OmEadGzWAPQ3G8bhAk4=,o7udv+haWdcLWCJW2zDG4lAJMrs=
9,7,Udpk/KB7OmEadGzWAPQ3G8bhAk4=,o7udv+haWdcLWCJW2zDG4lAJMrs=
4,11,Udpk/KB7OmEadGzWAPQ3G8bhAk4=,46oTGFNlxbtwzpzRLoZsL96/IxU=
6,11,Udpk/KB7OmEadGzWAPQ3G8bhAk4=,46oTGFNlxbtwzpzRLoZsL96/IxU=
10,5,Udpk/KB7OmEadGzWAPQ3G8bhAk4=,o7udv+haWdcLWCJW2zDG4lAJMrs=
0,2,Udpk/KB7OmEadGzWAPQ3G8bhAk4=,zFe6jqE4gCi9omZs3PdbzekqjvQ=
2,2,Udpk/KB7OmEadGzWAPQ3G8bhAk4=,zFe6jqE4gCi9omZs3PdbzekqjvQ=
6,4,Udpk/KB7OmEadGzWAPQ3G8bhAk4=,zFe6jqE4gCi9omZs3PdbzekqjvQ=
8,10,Udpk/KB7OmEadGzWAPQ3G8bhAk4=,cLBfIKPJ58FSxbjVaIFtUYl1PcU=
6,10,Udpk/KB7OmEadGzWAPQ3G8bhAk4=,46oTGFNlxbtwzpzRLoZsL96/IxU=
2,7,Udpk/KB7OmEadGzWAPQ3G8bhAk4=,zFe6jqE4gCi9omZs3PdbzekqjvQ=
7,10,Udpk/KB7OmEadGzWAPQ3G8bhAk4=,46oTGFNlxbtwzpzRLoZsL96/IxU=
5,10,Udpk/KB7OmEadGzWAPQ3G8bhAk4=,46oTGFNlxbtwzpzRLoZsL96/IxU=
8,9,Udpk/KB7OmEadGzWAPQ3G8bhAk4=,cLBfIKPJ58FSxbjVaIFtUYl1PcU=
3,7,Udpk/KB7OmEadGzWAPQ3G8bhAk4=,zFe6jqE4gCi9omZs3PdbzekqjvQ=
8,11,Udpk/KB7OmEadGzWAPQ3G8bhAk4=,cLBfIKPJ58FSxbjVaIFtUYl1PcU=
7,11,Udpk/KB7OmEadGzWAPQ3G8bhAk4=,46oTGFNlxbtwzpzRLoZsL96/IxU=
0,4,Udpk/KB7OmEadGzWAPQ3G8bhAk4=,zFe6jqE4gCi9omZs3PdbzekqjvQ=
5,9,Udpk/KB7OmEadGzWAPQ3G8bhAk4=,46oTGFNlxbtwzpzRLoZsL96/IxU=
6,9,Udpk/KB7OmEadGzWAPQ3G8bhAk4=,46oTGFNlxbtwzpzRLoZsL96/IxU=
4,10,Udpk/KB7OmEadGzWAPQ3G8bhAk4=,46oTGFNlxbtwzpzRLoZsL96/IxU=
8,5,Udpk/KB7OmEadGzWAPQ3G8bhAk4=,o7udv+haWdcLWCJW2zDG4lAJMrs=
4,5,Udpk/KB7OmEadGzWAPQ3G8bhAk4=,zFe6jqE4gCi9omZs3PdbzekqjvQ=
2,5,Udpk/KB7OmEadGzWAPQ3G8bhAk4=,zFe6jqE4gCi9omZs3PdbzekqjvQ=
2,1,Udpk/KB7OmEadGzWAPQ3G8bhAk4=,zFe6jqE4gCi9omZs3PdbzekqjvQ=
4,7,Udpk/KB7OmEadGzWAPQ3G8bhAk4=,zFe6jqE4gCi9omZs3PdbzekqjvQ=
8,7,Udpk/KB7OmEadGzWAPQ3G8bhAk4=,o7udv+haWdcLWCJW2zDG4lAJMrs=
4,9,Udpk/KB7OmEadGzWAPQ3G8bhAk4=,46oTGFNlxbtwzpzRLoZsL96/IxU=
4,8,Udpk/KB7OmEadGzWAPQ3G8bhAk4=,46oTGFNlxbtwzpzRLoZsL96/IxU=
4,4,Udpk/KB7OmEadGzWAPQ3G8bhAk4=,zFe6jqE4gCi9omZs3PdbzekqjvQ=
1,5,Udpk/KB7OmEadGzWAPQ3G8bhAk4=,zFe6jqE4gCi9omZs3PdbzekqjvQ=
3,6,Udpk/KB7OmEadGzWAPQ3G8bhAk4=,zFe6jqE4gCi9omZs3PdbzekqjvQ=
7,9,Udpk/KB7OmEadGzWAPQ3G8bhAk4=,46oTGFNlxbtwzpzRLoZsL96/IxU=
5,7,Udpk/KB7OmEadGzWAPQ3G8bhAk4=,zFe6jqE4gCi9omZs3PdbzekqjvQ=
5,4,Udpk/KB7OmEadGzWAPQ3G8bhAk4=,zFe6jqE4gCi9omZs3PdbzekqjvQ=
7,7,Udpk/KB7OmEadGzWAPQ3G8bhAk4=,zFe6jqE4gCi9omZs3PdbzekqjvQ=
0,5,Udpk/KB7OmEadGzWAPQ3G8bhAk4=,zFe6jqE4gCi9omZs3PdbzekqjvQ=
2,8,Udpk/KB7OmEadGzWAPQ3G8bhAk4=,46oTGFNlxbtwzpzRLoZsL96/IxU=
6,7,Udpk/KB7OmEadGzWAPQ3G8bhAk4=,zFe6jqE4gCi9omZs3PdbzekqjvQ=
1,8,Udpk/KB7OmEadGzWAPQ3G8bhAk4=,46oTGFNlxbtwzpzRLoZsL96/IxU=
0,6,Udpk/KB7OmEadGzWAPQ3G8bhAk4=,zFe6jqE4gCi9omZs3PdbzekqjvQ=
7,6,Udpk/KB7OmEadGzWAPQ3G8bhAk4=,zFe6jqE4gCi9omZs3PdbzekqjvQ=
4,19,L0t8bfICYO3D/cua5gzYDKUPV8g=,YmOC7OoIdU7hxvt66HR0GmPvd0o=
5,17,L0t8bfICYO3D/cua5gzYDKUPV8g=,YmOC7OoIdU7hxvt66HR0GmPvd0o=
7,24,L0t8bfICYO3D/cua5gzYDKUPV8g=,CA0XhkLtuO6POgoiCzz5/pa0S4s=
7,23,L0t8bfICYO3D/cua5gzYDKUPV8g=,YmOC7OoIdU7hxvt66HR0GmPvd0o=
6,24,L0t8bfICYO3D/cua5gzYDKUPV8g=,CA0XhkLtuO6POgoiCzz5/pa0S4s=
7,21,L0t8bfICYO3D/cua5gzYDKUPV8g=,YmOC7OoIdU7hxvt66HR0GmPvd0o=
7,22,L0t8bfICYO3D/cua5gzYDKUPV8g=,YmOC7OoIdU7hxvt66HR0GmPvd0o=
6,22,L0t8bfICYO3D/cua5gzYDKUPV8g=,YmOC7OoIdU7hxvt66HR0GmPvd0o=
5,22,L0t8bfICYO3D/cua5gzYDKUPV8g=,YmOC7OoIdU7hxvt66HR0GmPvd0o=
8,23,L0t8bfICYO3D/cua5gzYDKUPV8g=,chMJ4DPylkR814xXisbSziT9XQs=
1,18,L0t8bfICYO3D/cua5gzYDKUPV8g=,YmOC7OoIdU7hxvt66HR0GmPvd0o=
4,17,L0t8bfICYO3D/cua5gzYDKUPV8g=,YmOC7OoIdU7hxvt66HR0GmPvd0o=
3,17,L0t8bfICYO3D/cua5gzYDKUPV8g=,YmOC7OoIdU7hxvt66HR0GmPvd0o=
5,24,L0t8bfICYO3D/cua5gzYDKUPV8g=,CA0XhkLtuO6POgoiCzz5/pa0S4s=
2,17,L0t8bfICYO3D/cua5gzYDKUPV8g=,YmOC7OoIdU7hxvt66HR0GmPvd0o=
4,24,L0t8bfICYO3D/cua5gzYDKUPV8g=,CA0XhkLtuO6POgoiCzz5/pa0S4s=
4,22,L0t8bfICYO3D/cua5gzYDKUPV8g=,YmOC7OoIdU7hxvt66HR0GmPvd0o=
3,19,L0t8bfICYO3D/cua5gzYDKUPV8g=,YmOC7OoIdU7hxvt66HR0GmPvd0o=
1,17,L0t8bfICYO3D/cua5gzYDKUPV8g=,YmOC7OoIdU7hxvt66HR0GmPvd0o=
8,22,L0t8bfICYO3D/cua5gzYDKUPV8g=,chMJ4DPylkR814xXisbSziT9XQs=
3,22,L0t8bfICYO3D/cua5gzYDKUPV8g=,YmOC7OoIdU7hxvt66HR0GmPvd0o=
6,23,L0t8bfICYO3D/cua5gzYDKUPV8g=,YmOC7OoIdU7hxvt66HR0GmPvd0o=
6,21,L0t8bfICYO3D/cua5gzYDKUPV8g=,YmOC7OoIdU7hxvt66HR0GmPvd0o=
2,22,L0t8bfICYO3D/cua5gzYDKUPV8g=,YmOC7OoIdU7hxvt66HR0GmPvd0o=
0,17,L0t8bfICYO3D/cua5gzYDKUPV8g=,YmOC7OoIdU7hxvt66HR0GmPvd0o=
2,19,L0t8bfICYO3D/cua5gzYDKUPV8g=,YmOC7OoIdU7hxvt66HR0GmPvd0o=
3,24,L0t8bfICYO3D/cua5gzYDKUPV8g=,CA0XhkLtuO6POgoiCzz5/pa0S4s=
5,21,L0t8bfICYO3D/cua5gzYDKUPV8g=,YmOC7OoIdU7hxvt66HR0GmPvd0o=
1,19,L0t8bfICYO3D/cua5gzYDKUPV8g=,YmOC7OoIdU7hxvt66HR0GmPvd0o=
2,24,L0t8bfICYO3D/cua5gzYDKUPV8g=,CA0XhkLtuO6POgoiCzz5/pa0S4s=
8,21,L0t8bfICYO3D/cua5gzYDKUPV8g=,chMJ4DPylkR814xXisbSziT9XQs=
7,18,L0t8bfICYO3D/cua5gzYDKUPV8g=,YmOC7OoIdU7hxvt66HR0GmPvd0o=
5,20,L0t8bfICYO3D/cua5gzYDKUPV8g=,YmOC7OoIdU7hxvt66HR0GmPvd0o=
5,23,L0t8bfICYO3D/cua5gzYDKUPV8g=,YmOC7OoIdU7hxvt66HR0GmPvd0o=
0,19,L0t8bfICYO3D/cua5gzYDKUPV8g=,YmOC7OoIdU7hxvt66HR0GmPvd0o=
1,22,L0t8bfICYO3D/cua5gzYDKUPV8g=,YmOC7OoIdU7hxvt66HR0GmPvd0o=
4,23,L0t8bfICYO3D/cua5gzYDKUPV8g=,YmOC7OoIdU7hxvt66HR0GmPvd0o=
6,18,L0t8bfICYO3D/cua5gzYDKUPV8g=,YmOC7OoIdU7hxvt66HR0GmPvd0o=
7,17,L0t8bfICYO3D/cua5gzYDKUPV8g=,YmOC7OoIdU7hxvt66HR0GmPvd0o=
4,20,L0t8bfICYO3D/cua5gzYDKUPV8g=,YmOC7OoIdU7hxvt66HR0GmPvd0o=
0,22,L0t8bfICYO3D/cua5gzYDKUPV8g=,YmOC7OoIdU7hxvt66HR0GmPvd0o=
3,20,L0t8bfICYO3D/cua5gzYDKUPV8g=,YmOC7OoIdU7hxvt66HR0GmPvd0o=
8,24,L0t8bfICYO3D/cua5gzYDKUPV8g=,/TS08AE9NlONJtVRgjTTxo4R9CM=
3,23,L0t8bfICYO3D/cua5gzYDKUPV8g=,YmOC7OoIdU7hxvt66HR0GmPvd0o=
5,18,L0t8bfICYO3D/cua5gzYDKUPV8g=,YmOC7OoIdU7hxvt66HR0GmPvd0o=
4,18,L0t8bfICYO3D/cua5gzYDKUPV8g=,YmOC7OoIdU7hxvt66HR0GmPvd0o=
3,18,L0t8bfICYO3D/cua5gzYDKUPV8g=,YmOC7OoIdU7hxvt66HR0GmPvd0o=
1,24,L0t8bfICYO3D/cua5gzYDKUPV8g=,CA0XhkLtuO6POgoiCzz5/pa0S4s=
3,21,L0t8bfICYO3D/cua5gzYDKUPV8g=,YmOC7OoIdU7hxvt66HR0GmPvd0o=
4,21,L0t8bfICYO3D/cua5gzYDKUPV8g=,YmOC7OoIdU7hxvt66HR0GmPvd0o=
8,20,L0t8bfICYO3D/cua5gzYDKUPV8g=,chMJ4DPylkR814xXisbSziT9XQs=
2,20,L0t8bfICYO3D/cua5gzYDKUPV8g=,YmOC7OoIdU7hxvt66HR0GmPvd0o=
2,21,L0t8bfICYO3D/cua5gzYDKUPV8g=,YmOC7OoIdU7hxvt66HR0GmPvd0o=
1,21,L0t8bfICYO3D/cua5gzYDKUPV8g=,YmOC7OoIdU7hxvt66HR0GmPvd0o=
0,21,L0t8bfICYO3D/cua5gzYDKUPV8g=,YmOC7OoIdU7hxvt66HR0GmPvd0o=
6,17,L0t8bfICYO3D/cua5gzYDKUPV8g=,YmOC7OoIdU7hxvt66HR0GmPvd0o=
2,23,L0t8bfICYO3D/cua5gzYDKUPV8g=,YmOC7OoIdU7hxvt66HR0GmPvd0o=
8,19,L0t8bfICYO3D/cua5gzYDKUPV8g=,chMJ4DPylkR814xXisbSziT9XQs=
1,20,L0t8bfICYO3D/cua5gzYDKUPV8g=,YmOC7OoIdU7hxvt66HR0GmPvd0o=
2,18,L0t8bfICYO3D/cua5gzYDKUPV8g=,YmOC7OoIdU7hxvt66HR0GmPvd0o=
7,20,L0t8bfICYO3D/cua5gzYDKUPV8g=,YmOC7OoIdU7hxvt66HR0GmPvd0o=
0,20,L0t8bfICYO3D/cua5gzYDKUPV8g=,YmOC7OoIdU7hxvt66HR0GmPvd0o=
0,24,L0t8bfICYO3D/cua5gzYDKUPV8g=,CA0XhkLtuO6POgoiCzz5/pa0S4s=
7,19,L0t8bfICYO3D/cua5gzYDKUPV8g=,YmOC7OoIdU7hxvt66HR0GmPvd0o=
8,18,L0t8bfICYO3D/cua5gzYDKUPV8g=,chMJ4DPylkR814xXisbSziT9XQs=
5,19,L0t8bfICYO3D/cua5gzYDKUPV8g=,YmOC7OoIdU7hxvt66HR0GmPvd0o=
6,19,L0t8bfICYO3D/cua5gzYDKUPV8g=,YmOC7OoIdU7hxvt66HR0GmPvd0o=
6,20,L0t8bfICYO3D/cua5gzYDKUPV8g=,YmOC7OoIdU7hxvt66HR0GmPvd0o=
0,23,L0t8bfICYO3D/cua5gzYDKUPV8g=,YmOC7OoIdU7hxvt66HR0GmPvd0o=
1,23,L0t8bfICYO3D/cua5gzYDKUPV8g=,YmOC7OoIdU7hxvt66HR0GmPvd0o=
0,18,L0t8bfICYO3D/cua5gzYDKUPV8g=,YmOC7OoIdU7hxvt66HR0GmPvd0o=
8,17,L0t8bfICYO3D/cua5gzYDKUPV8g=,chMJ4DPylkR814xXisbSziT9XQs=
9,16,L0t8bfICYO3D/cua5gzYDKUPV8g=,chMJ4DPylkR814xXisbSziT9XQs=
10,16,L0t8bfICYO3D/cua5gzYDKUPV8g=,chMJ4DPylkR814xXisbSziT9XQs=
11,16,L0t8bfICYO3D/cua5gzYDKUPV8g=,chMJ4DPylkR814xXisbSziT9XQs=
12,16,L0t8bfICYO3D/cua5gzYDKUPV8g=,chMJ4DPylkR814xXisbSziT9XQs=
13,16,L0t8bfICYO3D/cua5gzYDKUPV8g=,chMJ4DPylkR814xXisbSziT9XQs=
14,16,L0t8bfICYO3D/cua5gzYDKUPV8g=,chMJ4DPylkR814xXisbSziT9XQs=
15,16,L0t8bfICYO3D/cua5gzYDKUPV8g=,chMJ4DPylkR814xXisbSziT9XQs=
8,16,L0t8bfICYO3D/cua5gzYDKUPV8g=,chMJ4DPylkR814xXisbSziT9XQs=
4,16,L0t8bfICYO3D/cua5gzYDKUPV8g=,YmOC7OoIdU7hxvt66HR0GmPvd0o=
1,16,L0t8bfICYO3D/cua5gzYDKUPV8g=,YmOC7OoIdU7hxvt66HR0GmPvd0o=
5,16,L0t8bfICYO3D/cua5gzYDKUPV8g=,YmOC7OoIdU7hxvt66HR0GmPvd0o=
3,16,L0t8bfICYO3D/cua5gzYDKUPV8g=,YmOC7OoIdU7hxvt66HR0GmPvd0o=
7,16,L0t8bfICYO3D/cua5gzYDKUPV8g=,YmOC7OoIdU7hxvt66HR0GmPvd0o=
0,16,L0t8bfICYO3D/cua5gzYDKUPV8g=,YmOC7OoIdU7hxvt66HR0GmPvd0o=
2,16,L0t8bfICYO3D/cua5gzYDKUPV8g=,YmOC7OoIdU7hxvt66HR0GmPvd0o=
6,16,L0t8bfICYO3D/cua5gzYDKUPV8g=,YmOC7OoIdU7hxvt66HR0GmPvd0o=
16,16,N6MwRv91jYfXOdylBwFlx5wm4f0=,SkwPFysNCB3BhHSJeukoPxzAO2A=
16,10,N6MwRv91jYfXOdylBwFlx5wm4f0=,qfLBsLshwZd+fiwVhGN8wg30Qa8=
16,11,N6MwRv91jYfXOdylBwFlx5wm4f0=,qfLBsLshwZd+fiwVhGN8wg30Qa8=
16,12,N6MwRv91jYfXOdylBwFlx5wm4f0=,qfLBsLshwZd+fiwVhGN8wg30Qa8=
16,13,N6MwRv91jYfXOdylBwFlx5wm4f0=,qfLBsLshwZd+fiwVhGN8wg30Qa8=
16,14,N6MwRv91jYfXOdylBwFlx5wm4f0=,qfLBsLshwZd+fiwVhGN8wg30Qa8=
16,15,N6MwRv91jYfXOdylBwFlx5wm4f0=,qfLBsLshwZd+fiwVhGN8wg30Qa8=
16,9,N6MwRv91jYfXOdylBwFlx5wm4f0=,qfLBsLshwZd+fiwVhGN8wg30Qa8=
16,8,N6MwRv91jYfXOdylBwFlx5wm4f0=,qfLBsLshwZd+fiwVhGN8wg30Qa8=
16,7,N6MwRv91jYfXOdylBwFlx5wm4f0=,KvOqqOeADSkr56S0yqXw0vyfaXo=
16,1,N6MwRv91jYfXOdylBwFlx5wm4f0=,KvOqqOeADSkr56S0yqXw0vyfaXo=
16,5,N6MwRv91jYfXOdylBwFlx5wm4f0=,KvOqqOeADSkr56S0yqXw0vyfaXo=
16,0,N6MwRv91jYfXOdylBwFlx5wm4f0=,KvOqqOeADSkr56S0yqXw0vyfaXo=
16,6,N6MwRv91jYfXOdylBwFlx5wm4f0=,KvOqqOeADSkr56S0yqXw0vyfaXo=
16,2,N6MwRv91jYfXOdylBwFlx5wm4f0=,KvOqqOeADSkr56S0yqXw0vyfaXo=
16,3,N6MwRv91jYfXOdylBwFlx5wm4f0=,KvOqqOeADSkr56S0yqXw0vyfaXo=
16,4,N6MwRv91jYfXOdylBwFlx5wm4f0=,KvOqqOeADSkr56S0yqXw0vyfaXo=
