-41,-77,l5CvhXHnKghicpvv1UOpCB9aLEM=,qm+pJrgexOddpI3z3gTRVB4Czxw=
-33,-77,MPIRlNnc5Sfss2wpR+5amnXBn8s=,qm+pJrgexOddpI3z3gTRVB4Czxw=
-33,-76,MPIRlNnc5Sfss2wpR+5amnXBn8s=,qm+pJrgexOddpI3z3gTRVB4Czxw=
-33,-75,MPIRlNnc5Sfss2wpR+5amnXBn8s=,qm+pJrgexOddpI3z3gTRVB4Czxw=
-33,-74,MPIRlNnc5Sfss2wpR+5amnXBn8s=,qm+pJrgexOddpI3z3gTRVB4Czxw=
-33,-73,MPIRlNnc5Sfss2wpR+5amnXBn8s=,qm+pJrgexOddpI3z3gTRVB4Czxw=
-33,-72,MPIRlNnc5Sfss2wpR+5amnXBn8s=,qm+pJrgexOddpI3z3gTRVB4Czxw=
-33,-70,MPIRlNnc5Sfss2wpR+5amnXBn8s=,qm+pJrgexOddpI3z3gTRVB4Czxw=
-33,-71,MPIRlNnc5Sfss2wpR+5amnXBn8s=,qm+pJrgexOddpI3z3gTRVB4Czxw=
-33,-69,MPIRlNnc5Sfss2wpR+5amnXBn8s=,qm+pJrgexOddpI3z3gTRVB4Czxw=
-33,-78,MPIRlNnc5Sfss2wpR+5amnXBn8s=,qm+pJrgexOddpI3z3gTRVB4Czxw=
-33,-79,MPIRlNnc5Sfss2wpR+5amnXBn8s=,qm+pJrgexOddpI3z3gTRVB4Czxw=
-33,-68,MPIRlNnc5Sfss2wpR+5amnXBn8s=,qm+pJrgexOddpI3z3gTRVB4Czxw=
-33,-67,MPIRlNnc5Sfss2wpR+5amnXBn8s=,qm+pJrgexOddpI3z3gTRVB4Czxw=
-33,-66,MPIRlNnc5Sfss2wpR+5amnXBn8s=,qm+pJrgexOddpI3z3gTRVB4Czxw=
-33,-80,MPIRlNnc5Sfss2wpR+5amnXBn8s=,qm+pJrgexOddpI3z3gTRVB4Czxw=
-43,-79,MPIRlNnc5Sfss2wpR+5amnXBn8s=,qm+pJrgexOddpI3z3gTRVB4Czxw=
-42,-77,MPIRlNnc5Sfss2wpR+5amnXBn8s=,qm+pJrgexOddpI3z3gTRVB4Czxw=
-43,-78,MPIRlNnc5Sfss2wpR+5amnXBn8s=,qm+pJrgexOddpI3z3gTRVB4Czxw=
-42,-78,MPIRlNnc5Sfss2wpR+5amnXBn8s=,qm+pJrgexOddpI3z3gTRVB4Czxw=
-44,-79,MPIRlNnc5Sfss2wpR+5amnXBn8s=,qm+pJrgexOddpI3z3gTRVB4Czxw=
-44,-77,MPIRlNnc5Sfss2wpR+5amnXBn8s=,qm+pJrgexOddpI3z3gTRVB4Czxw=
-43,-77,MPIRlNnc5Sfss2wpR+5amnXBn8s=,qm+pJrgexOddpI3z3gTRVB4Czxw=
-46,-79,MPIRlNnc5Sfss2wpR+5amnXBn8s=,qm+pJrgexOddpI3z3gTRVB4Czxw=
-45,-77,MPIRlNnc5Sfss2wpR+5amnXBn8s=,qm+pJrgexOddpI3z3gTRVB4Czxw=
-47,-79,MPIRlNnc5Sfss2wpR+5amnXBn8s=,qm+pJrgexOddpI3z3gTRVB4Czxw=
-46,-77,MPIRlNnc5Sfss2wpR+5amnXBn8s=,qm+pJrgexOddpI3z3gTRVB4Czxw=
-47,-80,MPIRlNnc5Sfss2wpR+5amnXBn8s=,qm+pJrgexOddpI3z3gTRVB4Czxw=
-34,-65,MPIRlNnc5Sfss2wpR+5amnXBn8s=,qm+pJrgexOddpI3z3gTRVB4Czxw=
-35,-65,MPIRlNnc5Sfss2wpR+5amnXBn8s=,qm+pJrgexOddpI3z3gTRVB4Czxw=
-36,-65,MPIRlNnc5Sfss2wpR+5amnXBn8s=,qm+pJrgexOddpI3z3gTRVB4Czxw=
-37,-65,MPIRlNnc5Sfss2wpR+5amnXBn8s=,qm+pJrgexOddpI3z3gTRVB4Czxw=
-44,-78,MPIRlNnc5Sfss2wpR+5amnXBn8s=,qm+pJrgexOddpI3z3gTRVB4Czxw=
-39,-65,MPIRlNnc5Sfss2wpR+5amnXBn8s=,qm+pJrgexOddpI3z3gTRVB4Czxw=
-40,-65,MPIRlNnc5Sfss2wpR+5amnXBn8s=,qm+pJrgexOddpI3z3gTRVB4Czxw=
-42,-65,MPIRlNnc5Sfss2wpR+5amnXBn8s=,qm+pJrgexOddpI3z3gTRVB4Czxw=
-38,-65,MPIRlNnc5Sfss2wpR+5amnXBn8s=,qm+pJrgexOddpI3z3gTRVB4Czxw=
-43,-65,MPIRlNnc5Sfss2wpR+5amnXBn8s=,qm+pJrgexOddpI3z3gTRVB4Czxw=
-41,-65,MPIRlNnc5Sfss2wpR+5amnXBn8s=,qm+pJrgexOddpI3z3gTRVB4Czxw=
-46,-65,MPIRlNnc5Sfss2wpR+5amnXBn8s=,qm+pJrgexOddpI3z3gTRVB4Czxw=
-45,-65,MPIRlNnc5Sfss2wpR+5amnXBn8s=,qm+pJrgexOddpI3z3gTRVB4Czxw=
-47,-77,MPIRlNnc5Sfss2wpR+5amnXBn8s=,qm+pJrgexOddpI3z3gTRVB4Czxw=
-44,-65,MPIRlNnc5Sfss2wpR+5amnXBn8s=,qm+pJrgexOddpI3z3gTRVB4Czxw=
-48,-79,MPIRlNnc5Sfss2wpR+5amnXBn8s=,qm+pJrgexOddpI3z3gTRVB4Czxw=
-47,-65,MPIRlNnc5Sfss2wpR+5amnXBn8s=,qm+pJrgexOddpI3z3gTRVB4Czxw=
-45,-78,MPIRlNnc5Sfss2wpR+5amnXBn8s=,qm+pJrgexOddpI3z3gTRVB4Czxw=
-34,-66,MPIRlNnc5Sfss2wpR+5amnXBn8s=,qm+pJrgexOddpI3z3gTRVB4Czxw=
-35,-66,MPIRlNnc5Sfss2wpR+5amnXBn8s=,qm+pJrgexOddpI3z3gTRVB4Czxw=
-36,-66,MPIRlNnc5Sfss2wpR+5amnXBn8s=,qm+pJrgexOddpI3z3gTRVB4Czxw=
-37,-66,MPIRlNnc5Sfss2wpR+5amnXBn8s=,qm+pJrgexOddpI3z3gTRVB4Czxw=
-38,-66,MPIRlNnc5Sfss2wpR+5amnXBn8s=,qm+pJrgexOddpI3z3gTRVB4Czxw=
-40,-66,MPIRlNnc5Sfss2wpR+5amnXBn8s=,qm+pJrgexOddpI3z3gTRVB4Czxw=
-39,-66,MPIRlNnc5Sfss2wpR+5amnXBn8s=,qm+pJrgexOddpI3z3gTRVB4Czxw=
-48,-65,MPIRlNnc5Sfss2wpR+5amnXBn8s=,qm+pJrgexOddpI3z3gTRVB4Czxw=
-41,-66,MPIRlNnc5Sfss2wpR+5amnXBn8s=,qm+pJrgexOddpI3z3gTRVB4Czxw=
-42,-66,MPIRlNnc5Sfss2wpR+5amnXBn8s=,qm+pJrgexOddpI3z3gTRVB4Czxw=
-43,-66,MPIRlNnc5Sfss2wpR+5amnXBn8s=,qm+pJrgexOddpI3z3gTRVB4Czxw=
-45,-66,MPIRlNnc5Sfss2wpR+5amnXBn8s=,qm+pJrgexOddpI3z3gTRVB4Czxw=
-44,-66,MPIRlNnc5Sfss2wpR+5amnXBn8s=,qm+pJrgexOddpI3z3gTRVB4Czxw=
-46,-66,MPIRlNnc5Sfss2wpR+5amnXBn8s=,qm+pJrgexOddpI3z3gTRVB4Czxw=
-47,-66,MPIRlNnc5Sfss2wpR+5amnXBn8s=,qm+pJrgexOddpI3z3gTRVB4Czxw=
-46,-78,MPIRlNnc5Sfss2wpR+5amnXBn8s=,qm+pJrgexOddpI3z3gTRVB4Czxw=
-48,-80,MPIRlNnc5Sfss2wpR+5amnXBn8s=,qm+pJrgexOddpI3z3gTRVB4Czxw=
-48,-66,MPIRlNnc5Sfss2wpR+5amnXBn8s=,qm+pJrgexOddpI3z3gTRVB4Czxw=
-34,-67,MPIRlNnc5Sfss2wpR+5amnXBn8s=,qm+pJrgexOddpI3z3gTRVB4Czxw=
-35,-67,MPIRlNnc5Sfss2wpR+5amnXBn8s=,qm+pJrgexOddpI3z3gTRVB4Czxw=
-36,-67,MPIRlNnc5Sfss2wpR+5amnXBn8s=,qm+pJrgexOddpI3z3gTRVB4Czxw=
-37,-67,MPIRlNnc5Sfss2wpR+5amnXBn8s=,qm+pJrgexOddpI3z3gTRVB4Czxw=
-39,-67,MPIRlNnc5Sfss2wpR+5amnXBn8s=,qm+pJrgexOddpI3z3gTRVB4Czxw=
-40,-67,MPIRlNnc5Sfss2wpR+5amnXBn8s=,qm+pJrgexOddpI3z3gTRVB4Czxw=
-41,-67,MPIRlNnc5Sfss2wpR+5amnXBn8s=,qm+pJrgexOddpI3z3gTRVB4Czxw=
-38,-67,MPIRlNnc5Sfss2wpR+5amnXBn8s=,qm+pJrgexOddpI3z3gTRVB4Czxw=
-43,-67,MPIRlNnc5Sfss2wpR+5amnXBn8s=,qm+pJrgexOddpI3z3gTRVB4Czxw=
-44,-67,MPIRlNnc5Sfss2wpR+5amnXBn8s=,qm+pJrgexOddpI3z3gTRVB4Czxw=
-45,-67,MPIRlNnc5Sfss2wpR+5amnXBn8s=,qm+pJrgexOddpI3z3gTRVB4Czxw=
-42,-67,MPIRlNnc5Sfss2wpR+5amnXBn8s=,qm+pJrgexOddpI3z3gTRVB4Czxw=
-47,-78,MPIRlNnc5Sfss2wpR+5amnXBn8s=,qm+pJrgexOddpI3z3gTRVB4Czxw=
-34,-80,MPIRlNnc5Sfss2wpR+5amnXBn8s=,qm+pJrgexOddpI3z3gTRVB4Czxw=
-47,-67,MPIRlNnc5Sfss2wpR+5amnXBn8s=,qm+pJrgexOddpI3z3gTRVB4Czxw=
-48,-67,MPIRlNnc5Sfss2wpR+5amnXBn8s=,qm+pJrgexOddpI3z3gTRVB4Czxw=
-35,-68,MPIRlNnc5Sfss2wpR+5amnXBn8s=,qm+pJrgexOddpI3z3gTRVB4Czxw=
-37,-68,MPIRlNnc5Sfss2wpR+5amnXBn8s=,qm+pJrgexOddpI3z3gTRVB4Czxw=
-46,-67,MPIRlNnc5Sfss2wpR+5amnXBn8s=,qm+pJrgexOddpI3z3gTRVB4Czxw=
-36,-68,MPIRlNnc5Sfss2wpR+5amnXBn8s=,qm+pJrgexOddpI3z3gTRVB4Czxw=
-34,-68,MPIRlNnc5Sfss2wpR+5amnXBn8s=,qm+pJrgexOddpI3z3gTRVB4Czxw=
-38,-68,MPIRlNnc5Sfss2wpR+5amnXBn8s=,qm+pJrgexOddpI3z3gTRVB4Czxw=
-40,-68,MPIRlNnc5Sfss2wpR+5amnXBn8s=,qm+pJrgexOddpI3z3gTRVB4Czxw=
-39,-68,MPIRlNnc5Sfss2wpR+5amnXBn8s=,qm+pJrgexOddpI3z3gTRVB4Czxw=
-42,-68,MPIRlNnc5Sfss2wpR+5amnXBn8s=,qm+pJrgexOddpI3z3gTRVB4Czxw=
-43,-68,MPIRlNnc5Sfss2wpR+5amnXBn8s=,qm+pJrgexOddpI3z3gTRVB4Czxw=
-41,-68,MPIRlNnc5Sfss2wpR+5amnXBn8s=,qm+pJrgexOddpI3z3gTRVB4Czxw=
-44,-68,MPIRlNnc5Sfss2wpR+5amnXBn8s=,qm+pJrgexOddpI3z3gTRVB4Czxw=
-45,-68,MPIRlNnc5Sfss2wpR+5amnXBn8s=,qm+pJrgexOddpI3z3gTRVB4Czxw=
-46,-68,MPIRlNnc5Sfss2wpR+5amnXBn8s=,qm+pJrgexOddpI3z3gTRVB4Czxw=
-47,-68,MPIRlNnc5Sfss2wpR+5amnXBn8s=,qm+pJrgexOddpI3z3gTRVB4Czxw=
-48,-68,MPIRlNnc5Sfss2wpR+5amnXBn8s=,qm+pJrgexOddpI3z3gTRVB4Czxw=
-35,-80,MPIRlNnc5Sfss2wpR+5amnXBn8s=,qm+pJrgexOddpI3z3gTRVB4Czxw=
-37,-80,MPIRlNnc5Sfss2wpR+5amnXBn8s=,qm+pJrgexOddpI3z3gTRVB4Czxw=
-38,-80,MPIRlNnc5Sfss2wpR+5amnXBn8s=,qm+pJrgexOddpI3z3gTRVB4Czxw=
-45,-79,MPIRlNnc5Sfss2wpR+5amnXBn8s=,qm+pJrgexOddpI3z3gTRVB4Czxw=
-36,-80,MPIRlNnc5Sfss2wpR+5amnXBn8s=,qm+pJrgexOddpI3z3gTRVB4Czxw=
-48,-78,MPIRlNnc5Sfss2wpR+5amnXBn8s=,qm+pJrgexOddpI3z3gTRVB4Czxw=
-34,-79,MPIRlNnc5Sfss2wpR+5amnXBn8s=,qm+pJrgexOddpI3z3gTRVB4Czxw=
-48,-77,MPIRlNnc5Sfss2wpR+5amnXBn8s=,qm+pJrgexOddpI3z3gTRVB4Czxw=
-35,-69,MPIRlNnc5Sfss2wpR+5amnXBn8s=,qm+pJrgexOddpI3z3gTRVB4Czxw=
-36,-69,MPIRlNnc5Sfss2wpR+5amnXBn8s=,qm+pJrgexOddpI3z3gTRVB4Czxw=
-38,-69,MPIRlNnc5Sfss2wpR+5amnXBn8s=,qm+pJrgexOddpI3z3gTRVB4Czxw=
-37,-69,MPIRlNnc5Sfss2wpR+5amnXBn8s=,qm+pJrgexOddpI3z3gTRVB4Czxw=
-34,-69,MPIRlNnc5Sfss2wpR+5amnXBn8s=,qm+pJrgexOddpI3z3gTRVB4Czxw=
-40,-69,MPIRlNnc5Sfss2wpR+5amnXBn8s=,qm+pJrgexOddpI3z3gTRVB4Czxw=
-42,-69,MPIRlNnc5Sfss2wpR+5amnXBn8s=,qm+pJrgexOddpI3z3gTRVB4Czxw=
-39,-69,MPIRlNnc5Sfss2wpR+5amnXBn8s=,qm+pJrgexOddpI3z3gTRVB4Czxw=
-44,-69,MPIRlNnc5Sfss2wpR+5amnXBn8s=,qm+pJrgexOddpI3z3gTRVB4Czxw=
-41,-69,MPIRlNnc5Sfss2wpR+5amnXBn8s=,qm+pJrgexOddpI3z3gTRVB4Czxw=
-43,-69,MPIRlNnc5Sfss2wpR+5amnXBn8s=,qm+pJrgexOddpI3z3gTRVB4Czxw=
-45,-69,MPIRlNnc5Sfss2wpR+5amnXBn8s=,qm+pJrgexOddpI3z3gTRVB4Czxw=
-39,-80,MPIRlNnc5Sfss2wpR+5amnXBn8s=,qm+pJrgexOddpI3z3gTRVB4Czxw=
-46,-69,MPIRlNnc5Sfss2wpR+5amnXBn8s=,qm+pJrgexOddpI3z3gTRVB4Czxw=
-47,-69,MPIRlNnc5Sfss2wpR+5amnXBn8s=,qm+pJrgexOddpI3z3gTRVB4Czxw=
-35,-79,MPIRlNnc5Sfss2wpR+5amnXBn8s=,qm+pJrgexOddpI3z3gTRVB4Czxw=
-34,-78,MPIRlNnc5Sfss2wpR+5amnXBn8s=,qm+pJrgexOddpI3z3gTRVB4Czxw=
-35,-70,MPIRlNnc5Sfss2wpR+5amnXBn8s=,qm+pJrgexOddpI3z3gTRVB4Czxw=
-48,-69,MPIRlNnc5Sfss2wpR+5amnXBn8s=,qm+pJrgexOddpI3z3gTRVB4Czxw=
-34,-70,MPIRlNnc5Sfss2wpR+5amnXBn8s=,qm+pJrgexOddpI3z3gTRVB4Czxw=
-37,-70,MPIRlNnc5Sfss2wpR+5amnXBn8s=,qm+pJrgexOddpI3z3gTRVB4Czxw=
-36,-70,MPIRlNnc5Sfss2wpR+5amnXBn8s=,qm+pJrgexOddpI3z3gTRVB4Czxw=
-39,-70,MPIRlNnc5Sfss2wpR+5amnXBn8s=,qm+pJrgexOddpI3z3gTRVB4Czxw=
-38,-70,MPIRlNnc5Sfss2wpR+5amnXBn8s=,qm+pJrgexOddpI3z3gTRVB4Czxw=
-41,-70,MPIRlNnc5Sfss2wpR+5amnXBn8s=,qm+pJrgexOddpI3z3gTRVB4Czxw=
-42,-70,MPIRlNnc5Sfss2wpR+5amnXBn8s=,qm+pJrgexOddpI3z3gTRVB4Czxw=
-44,-70,MPIRlNnc5Sfss2wpR+5amnXBn8s=,qm+pJrgexOddpI3z3gTRVB4Czxw=
-45,-70,MPIRlNnc5Sfss2wpR+5amnXBn8s=,qm+pJrgexOddpI3z3gTRVB4Czxw=
-43,-70,MPIRlNnc5Sfss2wpR+5amnXBn8s=,qm+pJrgexOddpI3z3gTRVB4Czxw=
-46,-70,MPIRlNnc5Sfss2wpR+5amnXBn8s=,qm+pJrgexOddpI3z3gTRVB4Czxw=
-40,-70,MPIRlNnc5Sfss2wpR+5amnXBn8s=,qm+pJrgexOddpI3z3gTRVB4Czxw=
-47,-70,MPIRlNnc5Sfss2wpR+5amnXBn8s=,qm+pJrgexOddpI3z3gTRVB4Czxw=
-40,-80,MPIRlNnc5Sfss2wpR+5amnXBn8s=,qm+pJrgexOddpI3z3gTRVB4Czxw=
-48,-70,MPIRlNnc5Sfss2wpR+5amnXBn8s=,qm+pJrgexOddpI3z3gTRVB4Czxw=
-35,-78,MPIRlNnc5Sfss2wpR+5amnXBn8s=,qm+pJrgexOddpI3z3gTRVB4Czxw=
-36,-79,MPIRlNnc5Sfss2wpR+5amnXBn8s=,qm+pJrgexOddpI3z3gTRVB4Czxw=
-34,-71,MPIRlNnc5Sfss2wpR+5amnXBn8s=,qm+pJrgexOddpI3z3gTRVB4Czxw=
-35,-71,MPIRlNnc5Sfss2wpR+5amnXBn8s=,qm+pJrgexOddpI3z3gTRVB4Czxw=
-36,-71,MPIRlNnc5Sfss2wpR+5amnXBn8s=,qm+pJrgexOddpI3z3gTRVB4Czxw=
-37,-71,MPIRlNnc5Sfss2wpR+5amnXBn8s=,qm+pJrgexOddpI3z3gTRVB4Czxw=
-39,-71,MPIRlNnc5Sfss2wpR+5amnXBn8s=,qm+pJrgexOddpI3z3gTRVB4Czxw=
-38,-71,MPIRlNnc5Sfss2wpR+5amnXBn8s=,qm+pJrgexOddpI3z3gTRVB4Czxw=
-40,-71,MPIRlNnc5Sfss2wpR+5amnXBn8s=,qm+pJrgexOddpI3z3gTRVB4Czxw=
-41,-71,MPIRlNnc5Sfss2wpR+5amnXBn8s=,qm+pJrgexOddpI3z3gTRVB4Czxw=
-42,-71,MPIRlNnc5Sfss2wpR+5amnXBn8s=,qm+pJrgexOddpI3z3gTRVB4Czxw=
-44,-71,MPIRlNnc5Sfss2wpR+5amnXBn8s=,qm+pJrgexOddpI3z3gTRVB4Czxw=
-43,-71,MPIRlNnc5Sfss2wpR+5amnXBn8s=,qm+pJrgexOddpI3z3gTRVB4Czxw=
-45,-71,MPIRlNnc5Sfss2wpR+5amnXBn8s=,qm+pJrgexOddpI3z3gTRVB4Czxw=
-46,-71,MPIRlNnc5Sfss2wpR+5amnXBn8s=,qm+pJrgexOddpI3z3gTRVB4Czxw=
-47,-71,MPIRlNnc5Sfss2wpR+5amnXBn8s=,qm+pJrgexOddpI3z3gTRVB4Czxw=
-41,-80,MPIRlNnc5Sfss2wpR+5amnXBn8s=,qm+pJrgexOddpI3z3gTRVB4Czxw=
-48,-71,MPIRlNnc5Sfss2wpR+5amnXBn8s=,qm+pJrgexOddpI3z3gTRVB4Czxw=
-37,-79,MPIRlNnc5Sfss2wpR+5amnXBn8s=,qm+pJrgexOddpI3z3gTRVB4Czxw=
-36,-78,MPIRlNnc5Sfss2wpR+5amnXBn8s=,qm+pJrgexOddpI3z3gTRVB4Czxw=
-34,-72,MPIRlNnc5Sfss2wpR+5amnXBn8s=,qm+pJrgexOddpI3z3gTRVB4Czxw=
-35,-72,MPIRlNnc5Sfss2wpR+5amnXBn8s=,qm+pJrgexOddpI3z3gTRVB4Czxw=
-36,-72,MPIRlNnc5Sfss2wpR+5amnXBn8s=,qm+pJrgexOddpI3z3gTRVB4Czxw=
-38,-72,MPIRlNnc5Sfss2wpR+5amnXBn8s=,qm+pJrgexOddpI3z3gTRVB4Czxw=
-37,-72,MPIRlNnc5Sfss2wpR+5amnXBn8s=,qm+pJrgexOddpI3z3gTRVB4Czxw=
-41,-72,MPIRlNnc5Sfss2wpR+5amnXBn8s=,qm+pJrgexOddpI3z3gTRVB4Czxw=
-40,-72,MPIRlNnc5Sfss2wpR+5amnXBn8s=,qm+pJrgexOddpI3z3gTRVB4Czxw=
-42,-72,MPIRlNnc5Sfss2wpR+5amnXBn8s=,qm+pJrgexOddpI3z3gTRVB4Czxw=
-39,-72,MPIRlNnc5Sfss2wpR+5amnXBn8s=,qm+pJrgexOddpI3z3gTRVB4Czxw=
-43,-72,MPIRlNnc5Sfss2wpR+5amnXBn8s=,qm+pJrgexOddpI3z3gTRVB4Czxw=
-44,-72,MPIRlNnc5Sfss2wpR+5amnXBn8s=,qm+pJrgexOddpI3z3gTRVB4Czxw=
-45,-72,MPIRlNnc5Sfss2wpR+5amnXBn8s=,qm+pJrgexOddpI3z3gTRVB4Czxw=
-46,-72,MPIRlNnc5Sfss2wpR+5amnXBn8s=,qm+pJrgexOddpI3z3gTRVB4Czxw=
-37,-78,MPIRlNnc5Sfss2wpR+5amnXBn8s=,qm+pJrgexOddpI3z3gTRVB4Czxw=
-47,-72,MPIRlNnc5Sfss2wpR+5amnXBn8s=,qm+pJrgexOddpI3z3gTRVB4Czxw=
-42,-80,MPIRlNnc5Sfss2wpR+5amnXBn8s=,qm+pJrgexOddpI3z3gTRVB4Czxw=
-48,-72,MPIRlNnc5Sfss2wpR+5amnXBn8s=,qm+pJrgexOddpI3z3gTRVB4Czxw=
-34,-73,MPIRlNnc5Sfss2wpR+5amnXBn8s=,qm+pJrgexOddpI3z3gTRVB4Czxw=
-35,-73,MPIRlNnc5Sfss2wpR+5amnXBn8s=,qm+pJrgexOddpI3z3gTRVB4Czxw=
-38,-79,MPIRlNnc5Sfss2wpR+5amnXBn8s=,qm+pJrgexOddpI3z3gTRVB4Czxw=
-36,-73,MPIRlNnc5Sfss2wpR+5amnXBn8s=,qm+pJrgexOddpI3z3gTRVB4Czxw=
-38,-73,MPIRlNnc5Sfss2wpR+5amnXBn8s=,qm+pJrgexOddpI3z3gTRVB4Czxw=
-37,-73,MPIRlNnc5Sfss2wpR+5amnXBn8s=,qm+pJrgexOddpI3z3gTRVB4Czxw=
-41,-73,MPIRlNnc5Sfss2wpR+5amnXBn8s=,qm+pJrgexOddpI3z3gTRVB4Czxw=
-39,-73,MPIRlNnc5Sfss2wpR+5amnXBn8s=,qm+pJrgexOddpI3z3gTRVB4Czxw=
-42,-73,MPIRlNnc5Sfss2wpR+5amnXBn8s=,qm+pJrgexOddpI3z3gTRVB4Czxw=
-40,-73,MPIRlNnc5Sfss2wpR+5amnXBn8s=,qm+pJrgexOddpI3z3gTRVB4Czxw=
-43,-73,MPIRlNnc5Sfss2wpR+5amnXBn8s=,qm+pJrgexOddpI3z3gTRVB4Czxw=
-44,-73,MPIRlNnc5Sfss2wpR+5amnXBn8s=,qm+pJrgexOddpI3z3gTRVB4Czxw=
-46,-73,MPIRlNnc5Sfss2wpR+5amnXBn8s=,qm+pJrgexOddpI3z3gTRVB4Czxw=
-45,-73,MPIRlNnc5Sfss2wpR+5amnXBn8s=,qm+pJrgexOddpI3z3gTRVB4Czxw=
-47,-73,MPIRlNnc5Sfss2wpR+5amnXBn8s=,qm+pJrgexOddpI3z3gTRVB4Czxw=
-38,-78,MPIRlNnc5Sfss2wpR+5amnXBn8s=,qm+pJrgexOddpI3z3gTRVB4Czxw=
-39,-79,MPIRlNnc5Sfss2wpR+5amnXBn8s=,qm+pJrgexOddpI3z3gTRVB4Czxw=
-34,-74,MPIRlNnc5Sfss2wpR+5amnXBn8s=,qm+pJrgexOddpI3z3gTRVB4Czxw=
-48,-73,MPIRlNnc5Sfss2wpR+5amnXBn8s=,qm+pJrgexOddpI3z3gTRVB4Czxw=
-43,-80,MPIRlNnc5Sfss2wpR+5amnXBn8s=,qm+pJrgexOddpI3z3gTRVB4Czxw=
-36,-74,MPIRlNnc5Sfss2wpR+5amnXBn8s=,qm+pJrgexOddpI3z3gTRVB4Czxw=
-38,-74,MPIRlNnc5Sfss2wpR+5amnXBn8s=,qm+pJrgexOddpI3z3gTRVB4Czxw=
-37,-74,MPIRlNnc5Sfss2wpR+5amnXBn8s=,qm+pJrgexOddpI3z3gTRVB4Czxw=
-35,-74,MPIRlNnc5Sfss2wpR+5amnXBn8s=,qm+pJrgexOddpI3z3gTRVB4Czxw=
-39,-74,MPIRlNnc5Sfss2wpR+5amnXBn8s=,qm+pJrgexOddpI3z3gTRVB4Czxw=
-40,-74,MPIRlNnc5Sfss2wpR+5amnXBn8s=,qm+pJrgexOddpI3z3gTRVB4Czxw=
-42,-74,MPIRlNnc5Sfss2wpR+5amnXBn8s=,qm+pJrgexOddpI3z3gTRVB4Czxw=
-43,-74,MPIRlNnc5Sfss2wpR+5amnXBn8s=,qm+pJrgexOddpI3z3gTRVB4Czxw=
-41,-74,MPIRlNnc5Sfss2wpR+5amnXBn8s=,qm+pJrgexOddpI3z3gTRVB4Czxw=
-44,-74,MPIRlNnc5Sfss2wpR+5amnXBn8s=,qm+pJrgexOddpI3z3gTRVB4Czxw=
-45,-74,MPIRlNnc5Sfss2wpR+5amnXBn8s=,qm+pJrgexOddpI3z3gTRVB4Czxw=
-47,-74,MPIRlNnc5Sfss2wpR+5amnXBn8s=,qm+pJrgexOddpI3z3gTRVB4Czxw=
-44,-80,MPIRlNnc5Sfss2wpR+5amnXBn8s=,qm+pJrgexOddpI3z3gTRVB4Czxw=
-46,-74,MPIRlNnc5Sfss2wpR+5amnXBn8s=,qm+pJrgexOddpI3z3gTRVB4Czxw=
-39,-78,MPIRlNnc5Sfss2wpR+5amnXBn8s=,qm+pJrgexOddpI3z3gTRVB4Czxw=
-48,-74,MPIRlNnc5Sfss2wpR+5amnXBn8s=,qm+pJrgexOddpI3z3gTRVB4Czxw=
-40,-79,MPIRlNnc5Sfss2wpR+5amnXBn8s=,qm+pJrgexOddpI3z3gTRVB4Czxw=
-34,-75,MPIRlNnc5Sfss2wpR+5amnXBn8s=,qm+pJrgexOddpI3z3gTRVB4Czxw=
-35,-75,MPIRlNnc5Sfss2wpR+5amnXBn8s=,qm+pJrgexOddpI3z3gTRVB4Czxw=
-37,-75,MPIRlNnc5Sfss2wpR+5amnXBn8s=,qm+pJrgexOddpI3z3gTRVB4Czxw=
-36,-75,MPIRlNnc5Sfss2wpR+5amnXBn8s=,qm+pJrgexOddpI3z3gTRVB4Czxw=
-40,-75,MPIRlNnc5Sfss2wpR+5amnXBn8s=,qm+pJrgexOddpI3z3gTRVB4Czxw=
-39,-75,MPIRlNnc5Sfss2wpR+5amnXBn8s=,qm+pJrgexOddpI3z3gTRVB4Czxw=
-42,-75,MPIRlNnc5Sfss2wpR+5amnXBn8s=,qm+pJrgexOddpI3z3gTRVB4Czxw=
-41,-75,MPIRlNnc5Sfss2wpR+5amnXBn8s=,qm+pJrgexOddpI3z3gTRVB4Czxw=
-38,-75,MPIRlNnc5Sfss2wpR+5amnXBn8s=,qm+pJrgexOddpI3z3gTRVB4Czxw=
-43,-75,MPIRlNnc5Sfss2wpR+5amnXBn8s=,qm+pJrgexOddpI3z3gTRVB4Czxw=
-44,-75,MPIRlNnc5Sfss2wpR+5amnXBn8s=,qm+pJrgexOddpI3z3gTRVB4Czxw=
-45,-75,MPIRlNnc5Sfss2wpR+5amnXBn8s=,qm+pJrgexOddpI3z3gTRVB4Czxw=
-46,-75,MPIRlNnc5Sfss2wpR+5amnXBn8s=,qm+pJrgexOddpI3z3gTRVB4Czxw=
-47,-75,MPIRlNnc5Sfss2wpR+5amnXBn8s=,qm+pJrgexOddpI3z3gTRVB4Czxw=
-45,-80,MPIRlNnc5Sfss2wpR+5amnXBn8s=,qm+pJrgexOddpI3z3gTRVB4Czxw=
-40,-78,MPIRlNnc5Sfss2wpR+5amnXBn8s=,qm+pJrgexOddpI3z3gTRVB4Czxw=
-41,-79,MPIRlNnc5Sfss2wpR+5amnXBn8s=,qm+pJrgexOddpI3z3gTRVB4Czxw=
-34,-76,MPIRlNnc5Sfss2wpR+5amnXBn8s=,qm+pJrgexOddpI3z3gTRVB4Czxw=
-35,-76,MPIRlNnc5Sfss2wpR+5amnXBn8s=,qm+pJrgexOddpI3z3gTRVB4Czxw=
-48,-75,MPIRlNnc5Sfss2wpR+5amnXBn8s=,qm+pJrgexOddpI3z3gTRVB4Czxw=
-36,-76,MPIRlNnc5Sfss2wpR+5amnXBn8s=,qm+pJrgexOddpI3z3gTRVB4Czxw=
-39,-76,MPIRlNnc5Sfss2wpR+5amnXBn8s=,qm+pJrgexOddpI3z3gTRVB4Czxw=
-37,-76,MPIRlNnc5Sfss2wpR+5amnXBn8s=,qm+pJrgexOddpI3z3gTRVB4Czxw=
-38,-76,MPIRlNnc5Sfss2wpR+5amnXBn8s=,qm+pJrgexOddpI3z3gTRVB4Czxw=
-40,-76,MPIRlNnc5Sfss2wpR+5amnXBn8s=,qm+pJrgexOddpI3z3gTRVB4Czxw=
-42,-76,MPIRlNnc5Sfss2wpR+5amnXBn8s=,qm+pJrgexOddpI3z3gTRVB4Czxw=
-41,-76,MPIRlNnc5Sfss2wpR+5amnXBn8s=,qm+pJrgexOddpI3z3gTRVB4Czxw=
-43,-76,MPIRlNnc5Sfss2wpR+5amnXBn8s=,qm+pJrgexOddpI3z3gTRVB4Czxw=
-46,-76,MPIRlNnc5Sfss2wpR+5amnXBn8s=,qm+pJrgexOddpI3z3gTRVB4Czxw=
-45,-76,MPIRlNnc5Sfss2wpR+5amnXBn8s=,qm+pJrgexOddpI3z3gTRVB4Czxw=
-44,-76,MPIRlNnc5Sfss2wpR+5amnXBn8s=,qm+pJrgexOddpI3z3gTRVB4Czxw=
-46,-80,MPIRlNnc5Sfss2wpR+5amnXBn8s=,qm+pJrgexOddpI3z3gTRVB4Czxw=
-47,-76,MPIRlNnc5Sfss2wpR+5amnXBn8s=,qm+pJrgexOddpI3z3gTRVB4Czxw=
-41,-78,MPIRlNnc5Sfss2wpR+5amnXBn8s=,qm+pJrgexOddpI3z3gTRVB4Czxw=
-48,-76,MPIRlNnc5Sfss2wpR+5amnXBn8s=,qm+pJrgexOddpI3z3gTRVB4Czxw=
-42,-79,MPIRlNnc5Sfss2wpR+5amnXBn8s=,qm+pJrgexOddpI3z3gTRVB4Czxw=
-35,-77,MPIRlNnc5Sfss2wpR+5amnXBn8s=,qm+pJrgexOddpI3z3gTRVB4Czxw=
-34,-77,MPIRlNnc5Sfss2wpR+5amnXBn8s=,qm+pJrgexOddpI3z3gTRVB4Czxw=
-37,-77,MPIRlNnc5Sfss2wpR+5amnXBn8s=,qm+pJrgexOddpI3z3gTRVB4Czxw=
-38,-77,MPIRlNnc5Sfss2wpR+5amnXBn8s=,qm+pJrgexOddpI3z3gTRVB4Czxw=
-36,-77,MPIRlNnc5Sfss2wpR+5amnXBn8s=,qm+pJrgexOddpI3z3gTRVB4Czxw=
-39,-77,MPIRlNnc5Sfss2wpR+5amnXBn8s=,qm+pJrgexOddpI3z3gTRVB4Czxw=
-40,-77,MPIRlNnc5Sfss2wpR+5amnXBn8s=,qm+pJrgexOddpI3z3gTRVB4Czxw=
-33,-65,MPIRlNnc5Sfss2wpR+5amnXBn8s=,qm+pJrgexOddpI3z3gTRVB4Czxw=
-47,-81,MPIRlNnc5Sfss2wpR+5amnXBn8s=,M5Di6qUQb56XxJjOqmoWwNuYkxU=
-48,-81,MPIRlNnc5Sfss2wpR+5amnXBn8s=,M5Di6qUQb56XxJjOqmoWwNuYkxU=
-33,-81,MPIRlNnc5Sfss2wpR+5amnXBn8s=,M5Di6qUQb56XxJjOqmoWwNuYkxU=
-46,-81,MPIRlNnc5Sfss2wpR+5amnXBn8s=,M5Di6qUQb56XxJjOqmoWwNuYkxU=
-45,-81,MPIRlNnc5Sfss2wpR+5amnXBn8s=,M5Di6qUQb56XxJjOqmoWwNuYkxU=
-36,-81,MPIRlNnc5Sfss2wpR+5amnXBn8s=,M5Di6qUQb56XxJjOqmoWwNuYkxU=
-35,-81,MPIRlNnc5Sfss2wpR+5amnXBn8s=,M5Di6qUQb56XxJjOqmoWwNuYkxU=
-44,-81,MPIRlNnc5Sfss2wpR+5amnXBn8s=,M5Di6qUQb56XxJjOqmoWwNuYkxU=
-37,-81,MPIRlNnc5Sfss2wpR+5amnXBn8s=,M5Di6qUQb56XxJjOqmoWwNuYkxU=
-39,-81,MPIRlNnc5Sfss2wpR+5amnXBn8s=,M5Di6qUQb56XxJjOqmoWwNuYkxU=
-34,-81,MPIRlNnc5Sfss2wpR+5amnXBn8s=,M5Di6qUQb56XxJjOqmoWwNuYkxU=
-40,-81,MPIRlNnc5Sfss2wpR+5amnXBn8s=,M5Di6qUQb56XxJjOqmoWwNuYkxU=
-43,-81,MPIRlNnc5Sfss2wpR+5amnXBn8s=,M5Di6qUQb56XxJjOqmoWwNuYkxU=
-41,-81,MPIRlNnc5Sfss2wpR+5amnXBn8s=,M5Di6qUQb56XxJjOqmoWwNuYkxU=
-38,-81,MPIRlNnc5Sfss2wpR+5amnXBn8s=,M5Di6qUQb56XxJjOqmoWwNuYkxU=
-42,-81,MPIRlNnc5Sfss2wpR+5amnXBn8s=,M5Di6qUQb56XxJjOqmoWwNuYkxU=
-49,-81,MPIRlNnc5Sfss2wpR+5amnXBn8s=,hHLw+QEyorPHL9KTPG/4NcfVP9g=
-49,-77,MPIRlNnc5Sfss2wpR+5amnXBn8s=,dveG2E/lWrK9U5VkMmsZcnCOa5Y=
-49,-65,MPIRlNnc5Sfss2wpR+5amnXBn8s=,dveG2E/lWrK9U5VkMmsZcnCOa5Y=
-49,-76,MPIRlNnc5Sfss2wpR+5amnXBn8s=,dveG2E/lWrK9U5VkMmsZcnCOa5Y=
-49,-66,MPIRlNnc5Sfss2wpR+5amnXBn8s=,dveG2E/lWrK9U5VkMmsZcnCOa5Y=
-49,-67,MPIRlNnc5Sfss2wpR+5amnXBn8s=,dveG2E/lWrK9U5VkMmsZcnCOa5Y=
-49,-80,MPIRlNnc5Sfss2wpR+5amnXBn8s=,dveG2E/lWrK9U5VkMmsZcnCOa5Y=
-49,-75,MPIRlNnc5Sfss2wpR+5amnXBn8s=,dveG2E/lWrK9U5VkMmsZcnCOa5Y=
-49,-79,MPIRlNnc5Sfss2wpR+5amnXBn8s=,dveG2E/lWrK9U5VkMmsZcnCOa5Y=
-49,-74,MPIRlNnc5Sfss2wpR+5amnXBn8s=,dveG2E/lWrK9U5VkMmsZcnCOa5Y=
-49,-78,MPIRlNnc5Sfss2wpR+5amnXBn8s=,dveG2E/lWrK9U5VkMmsZcnCOa5Y=
-49,-69,MPIRlNnc5Sfss2wpR+5amnXBn8s=,dveG2E/lWrK9U5VkMmsZcnCOa5Y=
-49,-73,MPIRlNnc5Sfss2wpR+5amnXBn8s=,dveG2E/lWrK9U5VkMmsZcnCOa5Y=
-49,-71,MPIRlNnc5Sfss2wpR+5amnXBn8s=,dveG2E/lWrK9U5VkMmsZcnCOa5Y=
-49,-68,MPIRlNnc5Sfss2wpR+5amnXBn8s=,dveG2E/lWrK9U5VkMmsZcnCOa5Y=
-49,-70,MPIRlNnc5Sfss2wpR+5amnXBn8s=,dveG2E/lWrK9U5VkMmsZcnCOa5Y=
-49,-72,MPIRlNnc5Sfss2wpR+5amnXBn8s=,dveG2E/lWrK9U5VkMmsZcnCOa5Y=
